mfg,family,fw,model,fwpath
Seagate,,2S23,SEAGATE THUNDERBOLT2 2.5 1.8TB 10K SAS 12Gbps 512E,E:\DEVL\GitHub\Dell-Drive-Firmware\downloads\SAS\YS0D\payload
Seagate,,2S24,SEAGATE THUNDERBOLT2 2.5 1.8TB 10K SAS 12Gbps 512E,E:\DEVL\GitHub\Dell-Drive-Firmware\downloads\SAS\YS0D\payload
Seagate,,2T51,ST1800MM0198,E:\DEVL\GitHub\Dell-Drive-Firmware\downloads\SAS\YS0D\payload
EC STX LangeBP Mainstream SAS 1WPD, 12Gbps SAS, SSD, 2.5, 512e, ISE
Model Number: XS960SE70114
Regulatory Model Number: STT006
Vendor PN: 2XA247-150,,3D03,XS960SE70114,E:\DEVL\GitHub\Dell-Drive-Firmware\downloads\SAS\YS0D\payload
EC STX LangeBP Mainstream SAS 1WPD, 12Gbps SAS, SSD, 2.5, 512e, ISE
Model Number: XS960SE70114
Regulatory Model Number: STT006
Vendor PN: 2XA247-150,,3D03,XS1920SE70114,E:\DEVL\GitHub\Dell-Drive-Firmware\downloads\SAS\YS0D\payload
EC STX LangeBP Mainstream SAS 1WPD, 12Gbps SAS, SSD, 2.5, 512e, ISE
Model Number: XS960SE70114
Regulatory Model Number: STT006
Vendor PN: 2XA247-150,,3D03,XS3840SE70114,E:\DEVL\GitHub\Dell-Drive-Firmware\downloads\SAS\YS0D\payload
EC STX LangeBP Mainstream SAS 1WPD, 12Gbps SAS, SSD, 2.5, 512e, ISE
Model Number: XS960SE70114
Regulatory Model Number: STT006
Vendor PN: 2XA247-150,,3D03,XS7680SE70114,E:\DEVL\GitHub\Dell-Drive-Firmware\downloads\SAS\YS0D\payload
EC Lange BP 1WPD, SSD, 12Gbps SAS, 2.5, 512E, SED
Model Number: XS960SE70134
Regulatory Model Number: STT006
Vendor PN: 2XA276-150,,4S0C,XS960SE70134,E:\DEVL\GitHub\Dell-Drive-Firmware\downloads\SAS\YS0D\payload
EC Lange BP 1WPD, SSD, 12Gbps SAS, 2.5, 512E, SED
Model Number: XS960SE70134
Regulatory Model Number: STT006
Vendor PN: 2XA276-150,,4S0C,XS1920SE70134,E:\DEVL\GitHub\Dell-Drive-Firmware\downloads\SAS\YS0D\payload
EC Lange BP 1WPD, SSD, 12Gbps SAS, 2.5, 512E, SED
Model Number: XS960SE70134
Regulatory Model Number: STT006
Vendor PN: 2XA276-150,,4S0C,XS3840SE70134,E:\DEVL\GitHub\Dell-Drive-Firmware\downloads\SAS\YS0D\payload
EC Lange BP 1WPD, SSD, 12Gbps SAS, 2.5, 512E, SED
Model Number: XS960SE70134
Regulatory Model Number: STT006
Vendor PN: 2XA276-150,,4S0C,XS7680SE70134,E:\DEVL\GitHub\Dell-Drive-Firmware\downloads\SAS\YS0D\payload
EC Lange BP 1WPD, SSD, 12Gbps SAS, 2.5, 512E, SED
Model Number: XS960SE70134
Regulatory Model Number: STT006
Vendor PN: 2XA276-150,,4S0C,XS960LE70134,E:\DEVL\GitHub\Dell-Drive-Firmware\downloads\SAS\YS0D\payload
EC Lange BP 1WPD, SSD, 12Gbps SAS, 2.5, 512E, SED
Model Number: XS960SE70134
Regulatory Model Number: STT006
Vendor PN: 2XA276-150,,4S0C,XS1920LE70134,E:\DEVL\GitHub\Dell-Drive-Firmware\downloads\SAS\YS0D\payload
EC Lange BP 1WPD, SSD, 12Gbps SAS, 2.5, 512E, SED
Model Number: XS960SE70134
Regulatory Model Number: STT006
Vendor PN: 2XA276-150,,4S0C,XS3840LE70134,E:\DEVL\GitHub\Dell-Drive-Firmware\downloads\SAS\YS0D\payload
Phoenix S1, SSD, 2.5, SAS, 200GB, SLC,,A008,Phoenix S1, SSD, 2.5, SAS, 200GB, SLC,E:\DEVL\GitHub\Dell-Drive-Firmware\downloads\SAS\YS0D\payload
Phoenix S1, SSD, 2.5, SAS, 200GB, SLC,,A008,Phoenix S1, SSD, 2.5, SAS, 100GB, SLC,E:\DEVL\GitHub\Dell-Drive-Firmware\downloads\SAS\YS0D\payload
Phoenix S1, SSD, 2.5, SAS, 200GB, SLC,,A008,Phoenix S1, SSD, 2.5, SAS, 400GB, SLC,E:\DEVL\GitHub\Dell-Drive-Firmware\downloads\SAS\YS0D\payload
Toshiba,,A3B3,Toshiba Phoenix M2, SSD, 2.5, SAS, 12G, 200GB,E:\DEVL\GitHub\Dell-Drive-Firmware\downloads\SAS\YS0D\payload
Toshiba,,A3B3,Toshiba Phoenix M2, SSD, 2.5, SAS, 12G, 400GB,E:\DEVL\GitHub\Dell-Drive-Firmware\downloads\SAS\YS0D\payload
Toshiba,,A3B3,Toshiba Phoenix M2, SSD, 2.5, SAS, 12G, 800GB,E:\DEVL\GitHub\Dell-Drive-Firmware\downloads\SAS\YS0D\payload
Toshiba,,A3B3,Toshiba Phoenix M2, SSD, 2.5, SAS, 12G, 1.6TB,E:\DEVL\GitHub\Dell-Drive-Firmware\downloads\SAS\YS0D\payload
Toshiba,,A3B4,Toshiba Phoenix M2, SSD, 2.5, SAS, 12G, 200GB,E:\DEVL\GitHub\Dell-Drive-Firmware\downloads\SAS\YS0D\payload
Toshiba,,A3B4,Toshiba Phoenix M2, SSD, 2.5, SAS, 12G, 400GB,E:\DEVL\GitHub\Dell-Drive-Firmware\downloads\SAS\YS0D\payload
Toshiba,,A3B4,Toshiba Phoenix M2, SSD, 2.5, SAS, 12G, 800GB,E:\DEVL\GitHub\Dell-Drive-Firmware\downloads\SAS\YS0D\payload
Toshiba,,A3B4,Toshiba Phoenix M2, SSD, 2.5, SAS, 12G, 1.6TB,E:\DEVL\GitHub\Dell-Drive-Firmware\downloads\SAS\YS0D\payload
Toshiba,,A4B3,Toshiba Phoenix M2+, SSD, 2.5, SAS, 12G, 200GB,E:\DEVL\GitHub\Dell-Drive-Firmware\downloads\SAS\YS0D\payload
Toshiba,,A4B3,Toshiba Phoenix M2+, SSD, 2.5, SAS, 400GB,E:\DEVL\GitHub\Dell-Drive-Firmware\downloads\SAS\YS0D\payload
Toshiba,,A4B3,Toshiba Phoenix M2+, SSD, 2.5, SAS, 800GB,E:\DEVL\GitHub\Dell-Drive-Firmware\downloads\SAS\YS0D\payload
Toshiba,,A4B4,Toshiba Phoenix M2+, SSD, 2.5, SAS, 12G, 200GB,E:\DEVL\GitHub\Dell-Drive-Firmware\downloads\SAS\YS0D\payload
Toshiba,,A4B4,Toshiba Phoenix M2+, SSD, 2.5, SAS, 400GB,E:\DEVL\GitHub\Dell-Drive-Firmware\downloads\SAS\YS0D\payload
Toshiba,,A4B4,Toshiba Phoenix M2+, SSD, 2.5, SAS, 800GB,E:\DEVL\GitHub\Dell-Drive-Firmware\downloads\SAS\YS0D\payload
Toshiba,,A5B3,Toshiba Phoenix M2R, SSD, 2.5, SAS, 12G, 800GB,E:\DEVL\GitHub\Dell-Drive-Firmware\downloads\SAS\YS0D\payload
Toshiba,,A5B3,Toshiba Phoenix M2R, SSD, 2.5, SAS, 12G, 1.6TB,E:\DEVL\GitHub\Dell-Drive-Firmware\downloads\SAS\YS0D\payload
Toshiba,,A5B4,Toshiba Phoenix M2R, SSD, 2.5, SAS, 12G, 800GB,E:\DEVL\GitHub\Dell-Drive-Firmware\downloads\SAS\YS0D\payload
Toshiba,,A5B4,Toshiba Phoenix M2R, SSD, 2.5, SAS, 12G, 1.6TB,E:\DEVL\GitHub\Dell-Drive-Firmware\downloads\SAS\YS0D\payload
Toshiba,,AM07,TOSHIBA Phoenix M3 512e SAS 12Gbps 2.5IN VRI SSD 480GB,E:\DEVL\GitHub\Dell-Drive-Firmware\downloads\SAS\YS0D\payload
Toshiba,,AM07,TOSHIBA Phoenix M3 512e SAS 12Gbps 2.5IN VRI SSD 960GB,E:\DEVL\GitHub\Dell-Drive-Firmware\downloads\SAS\YS0D\payload
Toshiba,,AM07,TOSHIBA Phoenix M3 512e  SAS 12Gbps 2.5IN VRI SSD 1920GB,E:\DEVL\GitHub\Dell-Drive-Firmware\downloads\SAS\YS0D\payload
Toshiba,,AM07,TOSHIBA Phoenix M3 512e SAS 12Gbps 2.5IN VRI SSD 3840GB,E:\DEVL\GitHub\Dell-Drive-Firmware\downloads\SAS\YS0D\payload
Toshiba,,AM07,PX04SMB040,E:\DEVL\GitHub\Dell-Drive-Firmware\downloads\SAS\YS0D\payload
Toshiba,,AM07,PX04SMB080,E:\DEVL\GitHub\Dell-Drive-Firmware\downloads\SAS\YS0D\payload
Toshiba,,AM07,PX04SMB160,E:\DEVL\GitHub\Dell-Drive-Firmware\downloads\SAS\YS0D\payload
Toshiba,,AM07,PX04SMB320,E:\DEVL\GitHub\Dell-Drive-Firmware\downloads\SAS\YS0D\payload
Toshiba,,AM07,PX04SHB020,E:\DEVL\GitHub\Dell-Drive-Firmware\downloads\SAS\YS0D\payload
Toshiba,,AM07,PX04SHB040,E:\DEVL\GitHub\Dell-Drive-Firmware\downloads\SAS\YS0D\payload
Toshiba,,AM07,PX04SHB080,E:\DEVL\GitHub\Dell-Drive-Firmware\downloads\SAS\YS0D\payload
Toshiba,,AM07,PX04SHB160,E:\DEVL\GitHub\Dell-Drive-Firmware\downloads\SAS\YS0D\payload
Toshiba,,AM07,PX04SRB048,E:\DEVL\GitHub\Dell-Drive-Firmware\downloads\SAS\YS0D\payload
Toshiba,,AM07,PX04SRB096,E:\DEVL\GitHub\Dell-Drive-Firmware\downloads\SAS\YS0D\payload
Toshiba,,AM07,PX04SRB192,E:\DEVL\GitHub\Dell-Drive-Firmware\downloads\SAS\YS0D\payload
Toshiba,,AM07,PX04SRB384,E:\DEVL\GitHub\Dell-Drive-Firmware\downloads\SAS\YS0D\payload
Seagate,,AS0D,SEAGATE Constellation.2 500GB SAS 7.2K RPM,E:\DEVL\GitHub\Dell-Drive-Firmware\downloads\SAS\YS0D\payload
Seagate,,AS0D,Seagate Constellation.2 1TB SAS 7.2K RPM,E:\DEVL\GitHub\Dell-Drive-Firmware\downloads\SAS\YS0D\payload
Toshiba,,AS0E,PX05SRB096Y,E:\DEVL\GitHub\Dell-Drive-Firmware\downloads\SAS\YS0D\payload
Toshiba,,AS0E,PX05SRB192Y,E:\DEVL\GitHub\Dell-Drive-Firmware\downloads\SAS\YS0D\payload
Toshiba,,AS0E,PX05SRB384Y,E:\DEVL\GitHub\Dell-Drive-Firmware\downloads\SAS\YS0D\payload
Toshiba,,AS0E,PX05SVB096Y,E:\DEVL\GitHub\Dell-Drive-Firmware\downloads\SAS\YS0D\payload
Toshiba,,AS0E,PX05SVB192Y,E:\DEVL\GitHub\Dell-Drive-Firmware\downloads\SAS\YS0D\payload
Toshiba,,AS0E,PX05SVB384Y,E:\DEVL\GitHub\Dell-Drive-Firmware\downloads\SAS\YS0D\payload
Toshiba,,AS0E,PX05SMB040Y,E:\DEVL\GitHub\Dell-Drive-Firmware\downloads\SAS\YS0D\payload
Toshiba,,AS0E,PX05SMB080Y,E:\DEVL\GitHub\Dell-Drive-Firmware\downloads\SAS\YS0D\payload
Toshiba,,AS0E,PX05SMB160Y,E:\DEVL\GitHub\Dell-Drive-Firmware\downloads\SAS\YS0D\payload
Toshiba,,AS0E,PX05SMB320Y,E:\DEVL\GitHub\Dell-Drive-Firmware\downloads\SAS\YS0D\payload
Toshiba,,AS0E,PX05SRB048Y,E:\DEVL\GitHub\Dell-Drive-Firmware\downloads\SAS\YS0D\payload
Toshiba,,AS0E,PX05SVB048Y,E:\DEVL\GitHub\Dell-Drive-Firmware\downloads\SAS\YS0D\payload
Toshiba,,AS0E,PX05SRB048Y,E:\DEVL\GitHub\Dell-Drive-Firmware\downloads\SAS\YS0D\payload
Toshiba,,AS0E,PX05SRB096Y,E:\DEVL\GitHub\Dell-Drive-Firmware\downloads\SAS\YS0D\payload
Toshiba,,AS0E,PX05SRB192Y,E:\DEVL\GitHub\Dell-Drive-Firmware\downloads\SAS\YS0D\payload
Toshiba,,AS0E,PX05SRB384Y,E:\DEVL\GitHub\Dell-Drive-Firmware\downloads\SAS\YS0D\payload
Toshiba,,AS10,PX05SRB096Y,E:\DEVL\GitHub\Dell-Drive-Firmware\downloads\SAS\YS0D\payload
Toshiba,,AS10,PX05SRB192Y,E:\DEVL\GitHub\Dell-Drive-Firmware\downloads\SAS\YS0D\payload
Toshiba,,AS10,PX05SRB384Y,E:\DEVL\GitHub\Dell-Drive-Firmware\downloads\SAS\YS0D\payload
Toshiba,,AS10,PX05SVB096Y,E:\DEVL\GitHub\Dell-Drive-Firmware\downloads\SAS\YS0D\payload
Toshiba,,AS10,PX05SVB192Y,E:\DEVL\GitHub\Dell-Drive-Firmware\downloads\SAS\YS0D\payload
Toshiba,,AS10,PX05SVB384Y,E:\DEVL\GitHub\Dell-Drive-Firmware\downloads\SAS\YS0D\payload
Toshiba,,AS10,PX05SMB040Y,E:\DEVL\GitHub\Dell-Drive-Firmware\downloads\SAS\YS0D\payload
Toshiba,,AS10,PX05SMB080Y,E:\DEVL\GitHub\Dell-Drive-Firmware\downloads\SAS\YS0D\payload
Toshiba,,AS10,PX05SMB160Y,E:\DEVL\GitHub\Dell-Drive-Firmware\downloads\SAS\YS0D\payload
Toshiba,,AS10,PX05SMB320Y,E:\DEVL\GitHub\Dell-Drive-Firmware\downloads\SAS\YS0D\payload
Toshiba,,AS10,PX05SRB048Y,E:\DEVL\GitHub\Dell-Drive-Firmware\downloads\SAS\YS0D\payload
Toshiba,,AS10,PX05SVB048Y,E:\DEVL\GitHub\Dell-Drive-Firmware\downloads\SAS\YS0D\payload
Seagate,,ASFD,SEAGATE Constellation.2  1TB SAS 7.2K RPM FIPS140 SED,E:\DEVL\GitHub\Dell-Drive-Firmware\downloads\SAS\YS0D\payload
Seagate,,ASFE,SEAGATE Constellation.2  1TB SAS 7.2K RPM FIPS140 SED,E:\DEVL\GitHub\Dell-Drive-Firmware\downloads\SAS\YS0D\payload
Toshiba,,AX09,PX05SVQ096B,E:\DEVL\GitHub\Dell-Drive-Firmware\downloads\SAS\YS0D\payload
Toshiba,,AX09,PX05SVQ192B,E:\DEVL\GitHub\Dell-Drive-Firmware\downloads\SAS\YS0D\payload
Toshiba,,AX09,PX05SVQ384B,E:\DEVL\GitHub\Dell-Drive-Firmware\downloads\SAS\YS0D\payload
Toshiba,,AX0B,PX05SVQ096B,E:\DEVL\GitHub\Dell-Drive-Firmware\downloads\SAS\YS0D\payload
Toshiba,,AX0B,PX05SVQ192B,E:\DEVL\GitHub\Dell-Drive-Firmware\downloads\SAS\YS0D\payload
Toshiba,,AX0B,PX05SVQ384B,E:\DEVL\GitHub\Dell-Drive-Firmware\downloads\SAS\YS0D\payload
EC KIO PM5 (15G CB) 3WPD, 12Gbps SAS, SSD, 2.5, 512e, ISE
Model Number: KPM5XVUG480G
Regulatory Model Number: KPM5XVUG480G
Vendor PN: SDFBD87DFB01,,B022,KPM5XVUG480G,E:\DEVL\GitHub\Dell-Drive-Firmware\downloads\SAS\YS0D\payload
EC KIO PM5 (15G CB) 3WPD, 12Gbps SAS, SSD, 2.5, 512e, ISE
Model Number: KPM5XVUG480G
Regulatory Model Number: KPM5XVUG480G
Vendor PN: SDFBD87DFB01,,B022,KPM5XVUG960G,E:\DEVL\GitHub\Dell-Drive-Firmware\downloads\SAS\YS0D\payload
EC KIO PM5 (15G CB) 3WPD, 12Gbps SAS, SSD, 2.5, 512e, ISE
Model Number: KPM5XVUG480G
Regulatory Model Number: KPM5XVUG480G
Vendor PN: SDFBD87DFB01,,B022,KPM5XVUG1T92,E:\DEVL\GitHub\Dell-Drive-Firmware\downloads\SAS\YS0D\payload
EC KIO PM5 (15G CB) 3WPD, 12Gbps SAS, SSD, 2.5, 512e, ISE
Model Number: KPM5XVUG480G
Regulatory Model Number: KPM5XVUG480G
Vendor PN: SDFBD87DFB01,,B022,KPM5XVUG3T84,E:\DEVL\GitHub\Dell-Drive-Firmware\downloads\SAS\YS0D\payload
EC KIO PM5 (15G CB) 3WPD, 12Gbps SAS, SSD, 2.5, 512e, ISE
Model Number: KPM5XVUG480G
Regulatory Model Number: KPM5XVUG480G
Vendor PN: SDFBD87DFB01,,B022,KPM5XMUG400G,E:\DEVL\GitHub\Dell-Drive-Firmware\downloads\SAS\YS0D\payload
EC KIO PM5 (15G CB) 3WPD, 12Gbps SAS, SSD, 2.5, 512e, ISE
Model Number: KPM5XVUG480G
Regulatory Model Number: KPM5XVUG480G
Vendor PN: SDFBD87DFB01,,B022,KPM5XMUG800G,E:\DEVL\GitHub\Dell-Drive-Firmware\downloads\SAS\YS0D\payload
EC KIO PM5 (15G CB) 3WPD, 12Gbps SAS, SSD, 2.5, 512e, ISE
Model Number: KPM5XVUG480G
Regulatory Model Number: KPM5XVUG480G
Vendor PN: SDFBD87DFB01,,B022,KPM5XMUG1T60,E:\DEVL\GitHub\Dell-Drive-Firmware\downloads\SAS\YS0D\payload
EC KIO PM5 (15G CB) 3WPD, 12Gbps SAS, SSD, 2.5, 512e, ISE
Model Number: KPM5XVUG480G
Regulatory Model Number: KPM5XVUG480G
Vendor PN: SDFBD87DFB01,,B022,KPM5XMUG3T20,E:\DEVL\GitHub\Dell-Drive-Firmware\downloads\SAS\YS0D\payload
EC KIO PM5 (15G CB) 3WPD, 12Gbps SAS, SSD, 2.5, 512e, ISE
Model Number: KPM5XVUG480G
Regulatory Model Number: KPM5XVUG480G
Vendor PN: SDFBD87DFB01,,B022,KPM5XRUG480G,E:\DEVL\GitHub\Dell-Drive-Firmware\downloads\SAS\YS0D\payload
EC KIO PM5 (15G CB) 3WPD, 12Gbps SAS, SSD, 2.5, 512e, ISE
Model Number: KPM5XVUG480G
Regulatory Model Number: KPM5XVUG480G
Vendor PN: SDFBD87DFB01,,B022,KPM5XRUG960G,E:\DEVL\GitHub\Dell-Drive-Firmware\downloads\SAS\YS0D\payload
EC KIO PM5 (15G CB) 3WPD, 12Gbps SAS, SSD, 2.5, 512e, ISE
Model Number: KPM5XVUG480G
Regulatory Model Number: KPM5XVUG480G
Vendor PN: SDFBD87DFB01,,B022,KPM5XRUG1T92,E:\DEVL\GitHub\Dell-Drive-Firmware\downloads\SAS\YS0D\payload
EC KIO PM5 (15G CB) 3WPD, 12Gbps SAS, SSD, 2.5, 512e, ISE
Model Number: KPM5XVUG480G
Regulatory Model Number: KPM5XVUG480G
Vendor PN: SDFBD87DFB01,,B022,KPM5XRUG3T84,E:\DEVL\GitHub\Dell-Drive-Firmware\downloads\SAS\YS0D\payload
EC KIO PM5 (15G CB) 3WPD, 12Gbps SAS, SSD, 2.5, 512e, ISE
Model Number: KPM5XVUG480G
Regulatory Model Number: KPM5XVUG480G
Vendor PN: SDFBD87DFB01,,B022,KPM5XRUG7T68,E:\DEVL\GitHub\Dell-Drive-Firmware\downloads\SAS\YS0D\payload
EC KIO PM5 (15G CB) 3WPD, 12Gbps SAS, SSD, 2.5, 512e, ISE
Model Number: KPM5XVUG480G
Regulatory Model Number: KPM5XVUG480G
Vendor PN: SDFBD87DFB01,,B022,KPM5XVUG400G,E:\DEVL\GitHub\Dell-Drive-Firmware\downloads\SAS\YS0D\payload
EC KIO PM5 (15G CB) 3WPD, 12Gbps SAS, SSD, 2.5, 512e, ISE
Model Number: KPM5XVUG480G
Regulatory Model Number: KPM5XVUG480G
Vendor PN: SDFBD87DFB01,,B022,KPM5XVUG800G,E:\DEVL\GitHub\Dell-Drive-Firmware\downloads\SAS\YS0D\payload
EC KIO PM5 (15G CB) 3WPD, 12Gbps SAS, SSD, 2.5, 512e, ISE
Model Number: KPM5XVUG480G
Regulatory Model Number: KPM5XVUG480G
Vendor PN: SDFBD87DFB01,,B022,KPM5XVUG1T60,E:\DEVL\GitHub\Dell-Drive-Firmware\downloads\SAS\YS0D\payload
EC KIO PM5 (15G CB) 3WPD, 12Gbps SAS, SSD, 2.5, 512e, ISE
Model Number: KPM5XVUG480G
Regulatory Model Number: KPM5XVUG480G
Vendor PN: SDFBD87DFB01,,B022,KPM5XVUG3T20,E:\DEVL\GitHub\Dell-Drive-Firmware\downloads\SAS\YS0D\payload
EC KIO PM5 (15G CB) 3WPD, 12Gbps SAS, SSD, 2.5, 512e, ISE
Model Number: KPM5XVUG480G
Regulatory Model Number: KPM5XVUG480G
Vendor PN: SDFBD87DFB01,,B022,KPM5XVUG7T68,E:\DEVL\GitHub\Dell-Drive-Firmware\downloads\SAS\YS0D\payload
Toshiba,,B02A,KPM5XVUG480G,E:\DEVL\GitHub\Dell-Drive-Firmware\downloads\SAS\YS0D\payload
Toshiba,,B02A,KPM5XVUG960G,E:\DEVL\GitHub\Dell-Drive-Firmware\downloads\SAS\YS0D\payload
Toshiba,,B02A,KPM5XVUG1T92,E:\DEVL\GitHub\Dell-Drive-Firmware\downloads\SAS\YS0D\payload
Toshiba,,B02A,KPM5XVUG3T84,E:\DEVL\GitHub\Dell-Drive-Firmware\downloads\SAS\YS0D\payload
Toshiba,,B02A,KPM5XVUG7T68,E:\DEVL\GitHub\Dell-Drive-Firmware\downloads\SAS\YS0D\payload
Toshiba,,B02A,KPM5XMUG400G,E:\DEVL\GitHub\Dell-Drive-Firmware\downloads\SAS\YS0D\payload
Toshiba,,B02A,KPM5XMUG800G,E:\DEVL\GitHub\Dell-Drive-Firmware\downloads\SAS\YS0D\payload
Toshiba,,B02A,,E:\DEVL\GitHub\Dell-Drive-Firmware\downloads\SAS\YS0D\payload
Toshiba,,B02A,,E:\DEVL\GitHub\Dell-Drive-Firmware\downloads\SAS\YS0D\payload
Toshiba,,B02A,KPM5XRUG480G,E:\DEVL\GitHub\Dell-Drive-Firmware\downloads\SAS\YS0D\payload
Toshiba,,B02A,KPM5XRUG960G,E:\DEVL\GitHub\Dell-Drive-Firmware\downloads\SAS\YS0D\payload
Toshiba,,B02A,KPM5XRUG1T92,E:\DEVL\GitHub\Dell-Drive-Firmware\downloads\SAS\YS0D\payload
Toshiba,,B02A,KPM5XRUG3T84,E:\DEVL\GitHub\Dell-Drive-Firmware\downloads\SAS\YS0D\payload
Toshiba,,B02A,KPM5XRUG7T68,E:\DEVL\GitHub\Dell-Drive-Firmware\downloads\SAS\YS0D\payload
Toshiba,,B02A,KPM5XVUG400G,E:\DEVL\GitHub\Dell-Drive-Firmware\downloads\SAS\YS0D\payload
Toshiba,,B02A,KPM5XVUG800G,E:\DEVL\GitHub\Dell-Drive-Firmware\downloads\SAS\YS0D\payload
Toshiba,,B02A,KPM5XVUG1T60,E:\DEVL\GitHub\Dell-Drive-Firmware\downloads\SAS\YS0D\payload
Toshiba,,B02A,KPM5XVUG3T20,E:\DEVL\GitHub\Dell-Drive-Firmware\downloads\SAS\YS0D\payload
Toshiba,,B322,KPM5WVUG1T92,E:\DEVL\GitHub\Dell-Drive-Firmware\downloads\SAS\YS0D\payload
Toshiba,,B322,KPM5WVUG3T84,E:\DEVL\GitHub\Dell-Drive-Firmware\downloads\SAS\YS0D\payload
Toshiba,,B322,KPM5WVUG960G,E:\DEVL\GitHub\Dell-Drive-Firmware\downloads\SAS\YS0D\payload
Toshiba,,B322,,E:\DEVL\GitHub\Dell-Drive-Firmware\downloads\SAS\YS0D\payload
Toshiba,,B322,,E:\DEVL\GitHub\Dell-Drive-Firmware\downloads\SAS\YS0D\payload
Toshiba,,B326,KPM5WVUG1T92,E:\DEVL\GitHub\Dell-Drive-Firmware\downloads\SAS\YS0D\payload
Toshiba,,B326,KPM5WVUG3T84,E:\DEVL\GitHub\Dell-Drive-Firmware\downloads\SAS\YS0D\payload
Toshiba,,B326,KPM5WVUG960G,E:\DEVL\GitHub\Dell-Drive-Firmware\downloads\SAS\YS0D\payload
Toshiba,,B326,,E:\DEVL\GitHub\Dell-Drive-Firmware\downloads\SAS\YS0D\payload
Toshiba,,B326,,E:\DEVL\GitHub\Dell-Drive-Firmware\downloads\SAS\YS0D\payload
Toshiba,,B326,KPM5WVUG480G,E:\DEVL\GitHub\Dell-Drive-Firmware\downloads\SAS\YS0D\payload
Toshiba,,B326,KPM5WVUG7T68,E:\DEVL\GitHub\Dell-Drive-Firmware\downloads\SAS\YS0D\payload
Toshiba,,B70C,KRM5XVUG960G,E:\DEVL\GitHub\Dell-Drive-Firmware\downloads\SAS\YS0D\payload
Toshiba,,B70C,KRM5XVUG1T92,E:\DEVL\GitHub\Dell-Drive-Firmware\downloads\SAS\YS0D\payload
Toshiba,,B70C,KRM5XVUG3T84,E:\DEVL\GitHub\Dell-Drive-Firmware\downloads\SAS\YS0D\payload
Toshiba,,B70C,KRM5XRUG960G,E:\DEVL\GitHub\Dell-Drive-Firmware\downloads\SAS\YS0D\payload
Toshiba,,B70C,KRM5XRUG1T92,E:\DEVL\GitHub\Dell-Drive-Firmware\downloads\SAS\YS0D\payload
Toshiba,,B70C,KRM5XRUG3T84,E:\DEVL\GitHub\Dell-Drive-Firmware\downloads\SAS\YS0D\payload
Toshiba,,B70C,KRM5XRUG7T68,E:\DEVL\GitHub\Dell-Drive-Firmware\downloads\SAS\YS0D\payload
Toshiba,,B710,KRM5XVUG960G,E:\DEVL\GitHub\Dell-Drive-Firmware\downloads\SAS\YS0D\payload
Toshiba,,B710,KRM5XVUG1T92,E:\DEVL\GitHub\Dell-Drive-Firmware\downloads\SAS\YS0D\payload
Toshiba,,B710,KRM5XVUG3T84,E:\DEVL\GitHub\Dell-Drive-Firmware\downloads\SAS\YS0D\payload
Toshiba,,B710,KRM5XRUG960G,E:\DEVL\GitHub\Dell-Drive-Firmware\downloads\SAS\YS0D\payload
Toshiba,,B710,KRM5XRUG1T92,E:\DEVL\GitHub\Dell-Drive-Firmware\downloads\SAS\YS0D\payload
Toshiba,,B710,KRM5XRUG3T84,E:\DEVL\GitHub\Dell-Drive-Firmware\downloads\SAS\YS0D\payload
Toshiba,,B710,KRM5XRUG7T68,E:\DEVL\GitHub\Dell-Drive-Firmware\downloads\SAS\YS0D\payload
Toshiba,,BA0B,KPM6XRUG960G,E:\DEVL\GitHub\Dell-Drive-Firmware\downloads\SAS\YS0D\payload
Toshiba,,BA0B,KPM6XRUG1T92,E:\DEVL\GitHub\Dell-Drive-Firmware\downloads\SAS\YS0D\payload
Toshiba,,BA0B,KPM6XRUG3T84,E:\DEVL\GitHub\Dell-Drive-Firmware\downloads\SAS\YS0D\payload
Toshiba,,BA0B,KPM6XRUG7T68,E:\DEVL\GitHub\Dell-Drive-Firmware\downloads\SAS\YS0D\payload
Toshiba,,BA0B,KPM6XRUG15T3,E:\DEVL\GitHub\Dell-Drive-Firmware\downloads\SAS\YS0D\payload
Toshiba,,BA0B,KPM6XVUG800G,E:\DEVL\GitHub\Dell-Drive-Firmware\downloads\SAS\YS0D\payload
Toshiba,,BA0B,KPM6XVUG1T60,E:\DEVL\GitHub\Dell-Drive-Firmware\downloads\SAS\YS0D\payload
Toshiba,,BA0B,KPM6XVUG3T20,E:\DEVL\GitHub\Dell-Drive-Firmware\downloads\SAS\YS0D\payload
Toshiba,,BA0B,KPM6XVUG6T40,E:\DEVL\GitHub\Dell-Drive-Firmware\downloads\SAS\YS0D\payload
Toshiba,,BA0B,KPM6XVUG12T8,E:\DEVL\GitHub\Dell-Drive-Firmware\downloads\SAS\YS0D\payload
Toshiba,,BA0B,KPM6XMUG400G,E:\DEVL\GitHub\Dell-Drive-Firmware\downloads\SAS\YS0D\payload
Toshiba,,BA0B,KPM6XMUG800G,E:\DEVL\GitHub\Dell-Drive-Firmware\downloads\SAS\YS0D\payload
Toshiba,,BA0B,KPM6XMUG1T60,E:\DEVL\GitHub\Dell-Drive-Firmware\downloads\SAS\YS0D\payload
Toshiba,,BA0B,KPM6XMUG3T20,E:\DEVL\GitHub\Dell-Drive-Firmware\downloads\SAS\YS0D\payload
Toshiba,,BA0D,KPM6XRUG960G,E:\DEVL\GitHub\Dell-Drive-Firmware\downloads\SAS\YS0D\payload
Toshiba,,BA0D,KPM6XRUG1T92,E:\DEVL\GitHub\Dell-Drive-Firmware\downloads\SAS\YS0D\payload
Toshiba,,BA0D,KPM6XRUG3T84,E:\DEVL\GitHub\Dell-Drive-Firmware\downloads\SAS\YS0D\payload
Toshiba,,BA0D,KPM6XRUG7T68,E:\DEVL\GitHub\Dell-Drive-Firmware\downloads\SAS\YS0D\payload
Toshiba,,BA0D,KPM6XRUG15T3,E:\DEVL\GitHub\Dell-Drive-Firmware\downloads\SAS\YS0D\payload
Toshiba,,BA0D,KPM6XVUG800G,E:\DEVL\GitHub\Dell-Drive-Firmware\downloads\SAS\YS0D\payload
Toshiba,,BA0D,KPM6XVUG1T60,E:\DEVL\GitHub\Dell-Drive-Firmware\downloads\SAS\YS0D\payload
Toshiba,,BA0D,KPM6XVUG3T20,E:\DEVL\GitHub\Dell-Drive-Firmware\downloads\SAS\YS0D\payload
Toshiba,,BA0D,KPM6XVUG6T40,E:\DEVL\GitHub\Dell-Drive-Firmware\downloads\SAS\YS0D\payload
Toshiba,,BA0D,KPM6XVUG12T8,E:\DEVL\GitHub\Dell-Drive-Firmware\downloads\SAS\YS0D\payload
Toshiba,,BA0D,KPM6XMUG400G,E:\DEVL\GitHub\Dell-Drive-Firmware\downloads\SAS\YS0D\payload
Toshiba,,BA0D,KPM6XMUG800G,E:\DEVL\GitHub\Dell-Drive-Firmware\downloads\SAS\YS0D\payload
Toshiba,,BA0D,KPM6XMUG1T60,E:\DEVL\GitHub\Dell-Drive-Firmware\downloads\SAS\YS0D\payload
Toshiba,,BA0D,KPM6XMUG3T20,E:\DEVL\GitHub\Dell-Drive-Firmware\downloads\SAS\YS0D\payload
Toshiba,,BA48,KPM6XRUG960G,E:\DEVL\GitHub\Dell-Drive-Firmware\downloads\SAS\YS0D\payload
Toshiba,,BA48,KPM6XRUG1T92,E:\DEVL\GitHub\Dell-Drive-Firmware\downloads\SAS\YS0D\payload
Toshiba,,BA48,KPM6XRUG3T84,E:\DEVL\GitHub\Dell-Drive-Firmware\downloads\SAS\YS0D\payload
Toshiba,,BA48,KPM6XRUG7T68,E:\DEVL\GitHub\Dell-Drive-Firmware\downloads\SAS\YS0D\payload
Toshiba,,BA48,KPM6XRUG15T3,E:\DEVL\GitHub\Dell-Drive-Firmware\downloads\SAS\YS0D\payload
Toshiba,,BA48,KPM6XVUG800G,E:\DEVL\GitHub\Dell-Drive-Firmware\downloads\SAS\YS0D\payload
Toshiba,,BA48,KPM6XVUG1T60,E:\DEVL\GitHub\Dell-Drive-Firmware\downloads\SAS\YS0D\payload
Toshiba,,BA48,KPM6XVUG3T20,E:\DEVL\GitHub\Dell-Drive-Firmware\downloads\SAS\YS0D\payload
Toshiba,,BA48,KPM6XVUG6T40,E:\DEVL\GitHub\Dell-Drive-Firmware\downloads\SAS\YS0D\payload
Toshiba,,BA48,KPM6XVUG12T8,E:\DEVL\GitHub\Dell-Drive-Firmware\downloads\SAS\YS0D\payload
Toshiba,,BA48,KPM6XMUG400G,E:\DEVL\GitHub\Dell-Drive-Firmware\downloads\SAS\YS0D\payload
Toshiba,,BA48,KPM6XMUG800G,E:\DEVL\GitHub\Dell-Drive-Firmware\downloads\SAS\YS0D\payload
Toshiba,,BA48,KPM6XMUG1T60,E:\DEVL\GitHub\Dell-Drive-Firmware\downloads\SAS\YS0D\payload
Toshiba,,BA48,KPM6XMUG3T20,E:\DEVL\GitHub\Dell-Drive-Firmware\downloads\SAS\YS0D\payload
Toshiba,,BA48,KPM6XRUG960G,E:\DEVL\GitHub\Dell-Drive-Firmware\downloads\SAS\YS0D\payload
Toshiba,,BA48,KPM6XRUG1T92,E:\DEVL\GitHub\Dell-Drive-Firmware\downloads\SAS\YS0D\payload
Toshiba,,BA48,KPM6XRUG3T84,E:\DEVL\GitHub\Dell-Drive-Firmware\downloads\SAS\YS0D\payload
Toshiba,,BA48,KPM6XRUG7T68,E:\DEVL\GitHub\Dell-Drive-Firmware\downloads\SAS\YS0D\payload
Toshiba,,BA48,KPM6XRUG15T3,E:\DEVL\GitHub\Dell-Drive-Firmware\downloads\SAS\YS0D\payload
Toshiba,,BA48,KPM6XRUG30T7,E:\DEVL\GitHub\Dell-Drive-Firmware\downloads\SAS\YS0D\payload
Toshiba,,BA48,KPM6XVUG800G,E:\DEVL\GitHub\Dell-Drive-Firmware\downloads\SAS\YS0D\payload
Toshiba,,BA48,KPM6XVUG1T60,E:\DEVL\GitHub\Dell-Drive-Firmware\downloads\SAS\YS0D\payload
Toshiba,,BA48,KPM6XVUG3T20,E:\DEVL\GitHub\Dell-Drive-Firmware\downloads\SAS\YS0D\payload
Toshiba,,BA48,KPM6XVUG6T40,E:\DEVL\GitHub\Dell-Drive-Firmware\downloads\SAS\YS0D\payload
Toshiba,,BA48,KPM6XVUG12T8,E:\DEVL\GitHub\Dell-Drive-Firmware\downloads\SAS\YS0D\payload
Toshiba,,BA48,KPM6XMUG400G,E:\DEVL\GitHub\Dell-Drive-Firmware\downloads\SAS\YS0D\payload
Toshiba,,BA48,KPM6XMUG800G,E:\DEVL\GitHub\Dell-Drive-Firmware\downloads\SAS\YS0D\payload
Toshiba,,BA48,KPM6XMUG1T60,E:\DEVL\GitHub\Dell-Drive-Firmware\downloads\SAS\YS0D\payload
Toshiba,,BA48,KPM6XMUG3T20,E:\DEVL\GitHub\Dell-Drive-Firmware\downloads\SAS\YS0D\payload
Toshiba,,BD0B,KPM6WRUG960G,E:\DEVL\GitHub\Dell-Drive-Firmware\downloads\SAS\YS0D\payload
Toshiba,,BD0B,KPM6WRUG1T92,E:\DEVL\GitHub\Dell-Drive-Firmware\downloads\SAS\YS0D\payload
Toshiba,,BD0B,KPM6WRUG3T84,E:\DEVL\GitHub\Dell-Drive-Firmware\downloads\SAS\YS0D\payload
Toshiba,,BD0B,KPM6WRUG7T68,E:\DEVL\GitHub\Dell-Drive-Firmware\downloads\SAS\YS0D\payload
Toshiba,,BD0B,KPM6WRUG15T3,E:\DEVL\GitHub\Dell-Drive-Firmware\downloads\SAS\YS0D\payload
Toshiba,,BD0B,KPM6WVUG960G,E:\DEVL\GitHub\Dell-Drive-Firmware\downloads\SAS\YS0D\payload
Toshiba,,BD0B,KPM6WVUG1T92,E:\DEVL\GitHub\Dell-Drive-Firmware\downloads\SAS\YS0D\payload
Toshiba,,BD0B,KPM6WVUG3T84,E:\DEVL\GitHub\Dell-Drive-Firmware\downloads\SAS\YS0D\payload
Toshiba,,BD0B,KPM6WVUG7T68,E:\DEVL\GitHub\Dell-Drive-Firmware\downloads\SAS\YS0D\payload
Toshiba,,BD0D,KPM6WRUG960G,E:\DEVL\GitHub\Dell-Drive-Firmware\downloads\SAS\YS0D\payload
Toshiba,,BD0D,KPM6WRUG1T92,E:\DEVL\GitHub\Dell-Drive-Firmware\downloads\SAS\YS0D\payload
Toshiba,,BD0D,KPM6WRUG3T84,E:\DEVL\GitHub\Dell-Drive-Firmware\downloads\SAS\YS0D\payload
Toshiba,,BD0D,KPM6WRUG7T68,E:\DEVL\GitHub\Dell-Drive-Firmware\downloads\SAS\YS0D\payload
Toshiba,,BD0D,KPM6WRUG15T3,E:\DEVL\GitHub\Dell-Drive-Firmware\downloads\SAS\YS0D\payload
Toshiba,,BD0D,KPM6WVUG960G,E:\DEVL\GitHub\Dell-Drive-Firmware\downloads\SAS\YS0D\payload
Toshiba,,BD0D,KPM6WVUG1T92,E:\DEVL\GitHub\Dell-Drive-Firmware\downloads\SAS\YS0D\payload
Toshiba,,BD0D,KPM6WVUG3T84,E:\DEVL\GitHub\Dell-Drive-Firmware\downloads\SAS\YS0D\payload
Toshiba,,BD0D,KPM6WVUG7T68,E:\DEVL\GitHub\Dell-Drive-Firmware\downloads\SAS\YS0D\payload
Toshiba,,BD48,KPM6WRUG960G,E:\DEVL\GitHub\Dell-Drive-Firmware\downloads\SAS\YS0D\payload
Toshiba,,BD48,KPM6WRUG1T92,E:\DEVL\GitHub\Dell-Drive-Firmware\downloads\SAS\YS0D\payload
Toshiba,,BD48,KPM6WRUG3T84,E:\DEVL\GitHub\Dell-Drive-Firmware\downloads\SAS\YS0D\payload
Toshiba,,BD48,KPM6WRUG7T68,E:\DEVL\GitHub\Dell-Drive-Firmware\downloads\SAS\YS0D\payload
Toshiba,,BD48,KPM6WRUG15T3,E:\DEVL\GitHub\Dell-Drive-Firmware\downloads\SAS\YS0D\payload
Toshiba,,BD48,KPM6WVUG960G,E:\DEVL\GitHub\Dell-Drive-Firmware\downloads\SAS\YS0D\payload
Toshiba,,BD48,KPM6WVUG1T92,E:\DEVL\GitHub\Dell-Drive-Firmware\downloads\SAS\YS0D\payload
Toshiba,,BD48,KPM6WVUG3T84,E:\DEVL\GitHub\Dell-Drive-Firmware\downloads\SAS\YS0D\payload
Toshiba,,BD48,KPM6WVUG7T68,E:\DEVL\GitHub\Dell-Drive-Firmware\downloads\SAS\YS0D\payload
Toshiba,,BD48,KPM6WRUG960G,E:\DEVL\GitHub\Dell-Drive-Firmware\downloads\SAS\YS0D\payload
Toshiba,,BD48,KPM6WRUG1T92,E:\DEVL\GitHub\Dell-Drive-Firmware\downloads\SAS\YS0D\payload
Toshiba,,BD48,KPM6WRUG3T84,E:\DEVL\GitHub\Dell-Drive-Firmware\downloads\SAS\YS0D\payload
Toshiba,,BD48,KPM6WRUG7T68,E:\DEVL\GitHub\Dell-Drive-Firmware\downloads\SAS\YS0D\payload
Toshiba,,BD48,KPM6WRUG15T3,E:\DEVL\GitHub\Dell-Drive-Firmware\downloads\SAS\YS0D\payload
Toshiba,,BD48,KPM6WRUG30T7,E:\DEVL\GitHub\Dell-Drive-Firmware\downloads\SAS\YS0D\payload
Toshiba,,BD48,KPM6WVUG960G,E:\DEVL\GitHub\Dell-Drive-Firmware\downloads\SAS\YS0D\payload
Toshiba,,BD48,KPM6WVUG1T92,E:\DEVL\GitHub\Dell-Drive-Firmware\downloads\SAS\YS0D\payload
Toshiba,,BD48,KPM6WVUG3T84,E:\DEVL\GitHub\Dell-Drive-Firmware\downloads\SAS\YS0D\payload
Toshiba,,BD48,KPM6WVUG7T68,E:\DEVL\GitHub\Dell-Drive-Firmware\downloads\SAS\YS0D\payload
Toshiba,,BD48,KPM6WRUG960G,E:\DEVL\GitHub\Dell-Drive-Firmware\downloads\SAS\YS0D\payload
Toshiba,,BD48,KPM6WRUG1T92,E:\DEVL\GitHub\Dell-Drive-Firmware\downloads\SAS\YS0D\payload
Toshiba,,BD48,KPM6WRUG3T84,E:\DEVL\GitHub\Dell-Drive-Firmware\downloads\SAS\YS0D\payload
Toshiba,,BD48,KPM6WRUG7T68,E:\DEVL\GitHub\Dell-Drive-Firmware\downloads\SAS\YS0D\payload
Toshiba,,BD48,KPM6WRUG15T3,E:\DEVL\GitHub\Dell-Drive-Firmware\downloads\SAS\YS0D\payload
Toshiba,,BD48,KPM6WVUG960G,E:\DEVL\GitHub\Dell-Drive-Firmware\downloads\SAS\YS0D\payload
Toshiba,,BD48,KPM6WVUG1T92,E:\DEVL\GitHub\Dell-Drive-Firmware\downloads\SAS\YS0D\payload
Toshiba,,BD48,KPM6WVUG3T84,E:\DEVL\GitHub\Dell-Drive-Firmware\downloads\SAS\YS0D\payload
Toshiba,,BD48,KPM6WVUG7T68,E:\DEVL\GitHub\Dell-Drive-Firmware\downloads\SAS\YS0D\payload
Toshiba,,BD48,KPM6WRUG960G,E:\DEVL\GitHub\Dell-Drive-Firmware\downloads\SAS\YS0D\payload
Toshiba,,BD48,KPM6WRUG1T92,E:\DEVL\GitHub\Dell-Drive-Firmware\downloads\SAS\YS0D\payload
Toshiba,,BD48,KPM6WRUG3T84,E:\DEVL\GitHub\Dell-Drive-Firmware\downloads\SAS\YS0D\payload
Toshiba,,BD48,KPM6WRUG7T68,E:\DEVL\GitHub\Dell-Drive-Firmware\downloads\SAS\YS0D\payload
Toshiba,,BD48,KPM6WRUG15T3,E:\DEVL\GitHub\Dell-Drive-Firmware\downloads\SAS\YS0D\payload
Toshiba,,BD48,KPM6WRUG30T7,E:\DEVL\GitHub\Dell-Drive-Firmware\downloads\SAS\YS0D\payload
Toshiba,,BD48,KPM6WVUG960G,E:\DEVL\GitHub\Dell-Drive-Firmware\downloads\SAS\YS0D\payload
Toshiba,,BD48,KPM6WVUG1T92,E:\DEVL\GitHub\Dell-Drive-Firmware\downloads\SAS\YS0D\payload
Toshiba,,BD48,KPM6WVUG3T84,E:\DEVL\GitHub\Dell-Drive-Firmware\downloads\SAS\YS0D\payload
Toshiba,,BD48,KPM6WVUG7T68,E:\DEVL\GitHub\Dell-Drive-Firmware\downloads\SAS\YS0D\payload
Toshiba,,BH03,KRM6XRUG960G,E:\DEVL\GitHub\Dell-Drive-Firmware\downloads\SAS\YS0D\payload
Toshiba,,BH03,KRM6XRUG1T92,E:\DEVL\GitHub\Dell-Drive-Firmware\downloads\SAS\YS0D\payload
Toshiba,,BH03,KRM6XRUG3T84,E:\DEVL\GitHub\Dell-Drive-Firmware\downloads\SAS\YS0D\payload
Toshiba,,BH03,KRM6XRUG7T68,E:\DEVL\GitHub\Dell-Drive-Firmware\downloads\SAS\YS0D\payload
Toshiba,,BH03,KRM6XVUG960G,E:\DEVL\GitHub\Dell-Drive-Firmware\downloads\SAS\YS0D\payload
Toshiba,,BH03,KRM6XVUG1T92,E:\DEVL\GitHub\Dell-Drive-Firmware\downloads\SAS\YS0D\payload
Toshiba,,BH03,KRM6XVUG3T84,E:\DEVL\GitHub\Dell-Drive-Firmware\downloads\SAS\YS0D\payload
Toshiba,,BH07,KRM6XRUG960G,E:\DEVL\GitHub\Dell-Drive-Firmware\downloads\SAS\YS0D\payload
Toshiba,,BH07,KRM6XRUG1T92,E:\DEVL\GitHub\Dell-Drive-Firmware\downloads\SAS\YS0D\payload
Toshiba,,BH07,KRM6XRUG3T84,E:\DEVL\GitHub\Dell-Drive-Firmware\downloads\SAS\YS0D\payload
Toshiba,,BH07,KRM6XRUG7T68,E:\DEVL\GitHub\Dell-Drive-Firmware\downloads\SAS\YS0D\payload
Toshiba,,BH07,KRM6XVUG960G,E:\DEVL\GitHub\Dell-Drive-Firmware\downloads\SAS\YS0D\payload
Toshiba,,BH07,KRM6XVUG1T92,E:\DEVL\GitHub\Dell-Drive-Firmware\downloads\SAS\YS0D\payload
Toshiba,,BH07,KRM6XVUG3T84,E:\DEVL\GitHub\Dell-Drive-Firmware\downloads\SAS\YS0D\payload
Toshiba,,BJ03,KRM6VRUG960G,E:\DEVL\GitHub\Dell-Drive-Firmware\downloads\SAS\YS0D\payload
Toshiba,,BJ03,KRM6VRUG1T92,E:\DEVL\GitHub\Dell-Drive-Firmware\downloads\SAS\YS0D\payload
Toshiba,,BJ03,KRM6VRUG3T84,E:\DEVL\GitHub\Dell-Drive-Firmware\downloads\SAS\YS0D\payload
Toshiba,,BJ03,KRM6VRUG7T68,E:\DEVL\GitHub\Dell-Drive-Firmware\downloads\SAS\YS0D\payload
Toshiba,,BJ03,KRM6VVUG960G,E:\DEVL\GitHub\Dell-Drive-Firmware\downloads\SAS\YS0D\payload
Toshiba,,BJ03,KRM6VVUG1T92,E:\DEVL\GitHub\Dell-Drive-Firmware\downloads\SAS\YS0D\payload
Toshiba,,BJ03,KRM6VVUG3T84,E:\DEVL\GitHub\Dell-Drive-Firmware\downloads\SAS\YS0D\payload
Toshiba,,BJ07,KRM6VRUG960G,E:\DEVL\GitHub\Dell-Drive-Firmware\downloads\SAS\YS0D\payload
Toshiba,,BJ07,KRM6VRUG1T92,E:\DEVL\GitHub\Dell-Drive-Firmware\downloads\SAS\YS0D\payload
Toshiba,,BJ07,KRM6VRUG3T84,E:\DEVL\GitHub\Dell-Drive-Firmware\downloads\SAS\YS0D\payload
Toshiba,,BJ07,KRM6VRUG7T68,E:\DEVL\GitHub\Dell-Drive-Firmware\downloads\SAS\YS0D\payload
Toshiba,,BJ07,KRM6VVUG960G,E:\DEVL\GitHub\Dell-Drive-Firmware\downloads\SAS\YS0D\payload
Toshiba,,BJ07,KRM6VVUG1T92,E:\DEVL\GitHub\Dell-Drive-Firmware\downloads\SAS\YS0D\payload
Toshiba,,BJ07,KRM6VVUG3T84,E:\DEVL\GitHub\Dell-Drive-Firmware\downloads\SAS\YS0D\payload
Seagate,,BS05,ST300MM0078,E:\DEVL\GitHub\Dell-Drive-Firmware\downloads\SAS\YS0D\payload
Seagate,,BS05,ST600MM0238,E:\DEVL\GitHub\Dell-Drive-Firmware\downloads\SAS\YS0D\payload
Toshiba,,C10A,KPM7XRUG1T92,E:\DEVL\GitHub\Dell-Drive-Firmware\downloads\SAS\YS0D\payload
Toshiba,,C10A,KPM7XRUG3T84,E:\DEVL\GitHub\Dell-Drive-Firmware\downloads\SAS\YS0D\payload
Toshiba,,C10A,KPM7XRUG7T68,E:\DEVL\GitHub\Dell-Drive-Firmware\downloads\SAS\YS0D\payload
Toshiba,,C10A,KPM7XRUG15T3,E:\DEVL\GitHub\Dell-Drive-Firmware\downloads\SAS\YS0D\payload
Toshiba,,C10A,KPM7XVUG1T60,E:\DEVL\GitHub\Dell-Drive-Firmware\downloads\SAS\YS0D\payload
Toshiba,,C10A,KPM7XVUG3T20,E:\DEVL\GitHub\Dell-Drive-Firmware\downloads\SAS\YS0D\payload
Toshiba,,C10A,KPM7XVUG6T40,E:\DEVL\GitHub\Dell-Drive-Firmware\downloads\SAS\YS0D\payload
Toshiba,,C10A,KPM7XVUG12T8,E:\DEVL\GitHub\Dell-Drive-Firmware\downloads\SAS\YS0D\payload
Toshiba,,C10A,KPM7XRUG960G,E:\DEVL\GitHub\Dell-Drive-Firmware\downloads\SAS\YS0D\payload
Toshiba,,C10A,KPM7XVUG800G,E:\DEVL\GitHub\Dell-Drive-Firmware\downloads\SAS\YS0D\payload
Toshiba,,C10E,KPM7XRUG1T92,E:\DEVL\GitHub\Dell-Drive-Firmware\downloads\SAS\YS0D\payload
Toshiba,,C10E,KPM7XRUG3T84,E:\DEVL\GitHub\Dell-Drive-Firmware\downloads\SAS\YS0D\payload
Toshiba,,C10E,KPM7XRUG7T68,E:\DEVL\GitHub\Dell-Drive-Firmware\downloads\SAS\YS0D\payload
Toshiba,,C10E,KPM7XRUG15T3,E:\DEVL\GitHub\Dell-Drive-Firmware\downloads\SAS\YS0D\payload
Toshiba,,C10E,KPM7XVUG1T60,E:\DEVL\GitHub\Dell-Drive-Firmware\downloads\SAS\YS0D\payload
Toshiba,,C10E,KPM7XVUG3T20,E:\DEVL\GitHub\Dell-Drive-Firmware\downloads\SAS\YS0D\payload
Toshiba,,C10E,KPM7XVUG6T40,E:\DEVL\GitHub\Dell-Drive-Firmware\downloads\SAS\YS0D\payload
Toshiba,,C10E,KPM7XVUG12T8,E:\DEVL\GitHub\Dell-Drive-Firmware\downloads\SAS\YS0D\payload
Toshiba,,C10E,KPM7XRUG960G,E:\DEVL\GitHub\Dell-Drive-Firmware\downloads\SAS\YS0D\payload
Toshiba,,C10E,KPM7XVUG800G,E:\DEVL\GitHub\Dell-Drive-Firmware\downloads\SAS\YS0D\payload
Toshiba,,C40A,KPM7WRUG1T92,E:\DEVL\GitHub\Dell-Drive-Firmware\downloads\SAS\YS0D\payload
Toshiba,,C40A,KPM7WRUG3T84,E:\DEVL\GitHub\Dell-Drive-Firmware\downloads\SAS\YS0D\payload
Toshiba,,C40A,KPM7WRUG7T68,E:\DEVL\GitHub\Dell-Drive-Firmware\downloads\SAS\YS0D\payload
Toshiba,,C40A,KPM7WRUG15T3,E:\DEVL\GitHub\Dell-Drive-Firmware\downloads\SAS\YS0D\payload
Toshiba,,C40A,KPM7WVUG800G,E:\DEVL\GitHub\Dell-Drive-Firmware\downloads\SAS\YS0D\payload
Toshiba,,C40A,KPM7WVUG1T60,E:\DEVL\GitHub\Dell-Drive-Firmware\downloads\SAS\YS0D\payload
Toshiba,,C40A,KPM7WVUG3T20,E:\DEVL\GitHub\Dell-Drive-Firmware\downloads\SAS\YS0D\payload
Toshiba,,C40A,KPM7WVUG6T40,E:\DEVL\GitHub\Dell-Drive-Firmware\downloads\SAS\YS0D\payload
Toshiba,,C40A,KPM7WRUG960G,E:\DEVL\GitHub\Dell-Drive-Firmware\downloads\SAS\YS0D\payload
Toshiba,,C40A,KPM7WVUG12T8,E:\DEVL\GitHub\Dell-Drive-Firmware\downloads\SAS\YS0D\payload
Toshiba,,C40A,,E:\DEVL\GitHub\Dell-Drive-Firmware\downloads\SAS\YS0D\payload
Toshiba,,C40A,,E:\DEVL\GitHub\Dell-Drive-Firmware\downloads\SAS\YS0D\payload
Toshiba,,C40A,,E:\DEVL\GitHub\Dell-Drive-Firmware\downloads\SAS\YS0D\payload
Toshiba,,C40A,,E:\DEVL\GitHub\Dell-Drive-Firmware\downloads\SAS\YS0D\payload
Toshiba,,C40E,KPM7WRUG1T92,E:\DEVL\GitHub\Dell-Drive-Firmware\downloads\SAS\YS0D\payload
Toshiba,,C40E,KPM7WRUG3T84,E:\DEVL\GitHub\Dell-Drive-Firmware\downloads\SAS\YS0D\payload
Toshiba,,C40E,KPM7WRUG7T68,E:\DEVL\GitHub\Dell-Drive-Firmware\downloads\SAS\YS0D\payload
Toshiba,,C40E,KPM7WRUG15T3,E:\DEVL\GitHub\Dell-Drive-Firmware\downloads\SAS\YS0D\payload
Toshiba,,C40E,KPM7WVUG800G,E:\DEVL\GitHub\Dell-Drive-Firmware\downloads\SAS\YS0D\payload
Toshiba,,C40E,KPM7WVUG1T60,E:\DEVL\GitHub\Dell-Drive-Firmware\downloads\SAS\YS0D\payload
Toshiba,,C40E,KPM7WVUG3T20,E:\DEVL\GitHub\Dell-Drive-Firmware\downloads\SAS\YS0D\payload
Toshiba,,C40E,KPM7WVUG6T40,E:\DEVL\GitHub\Dell-Drive-Firmware\downloads\SAS\YS0D\payload
Toshiba,,C40E,KPM7WRUG960G,E:\DEVL\GitHub\Dell-Drive-Firmware\downloads\SAS\YS0D\payload
Toshiba,,C40E,KPM7WVUG12T8,E:\DEVL\GitHub\Dell-Drive-Firmware\downloads\SAS\YS0D\payload
Toshiba,,C40E,,E:\DEVL\GitHub\Dell-Drive-Firmware\downloads\SAS\YS0D\payload
Toshiba,,C40E,,E:\DEVL\GitHub\Dell-Drive-Firmware\downloads\SAS\YS0D\payload
Toshiba,,C40E,,E:\DEVL\GitHub\Dell-Drive-Firmware\downloads\SAS\YS0D\payload
Toshiba,,C40E,,E:\DEVL\GitHub\Dell-Drive-Firmware\downloads\SAS\YS0D\payload
Toshiba,,CA0C,KRM7VRUG960G,E:\DEVL\GitHub\Dell-Drive-Firmware\downloads\SAS\YS0D\payload
Toshiba,,CA0C,KRM7VRUG1T92,E:\DEVL\GitHub\Dell-Drive-Firmware\downloads\SAS\YS0D\payload
Toshiba,,CA0C,KRM7VRUG3T84,E:\DEVL\GitHub\Dell-Drive-Firmware\downloads\SAS\YS0D\payload
Toshiba,,CA0C,KRM7VRUG7T68,E:\DEVL\GitHub\Dell-Drive-Firmware\downloads\SAS\YS0D\payload
Toshiba,,CA0C,KRM7VVUG960G,E:\DEVL\GitHub\Dell-Drive-Firmware\downloads\SAS\YS0D\payload
Toshiba,,CA0C,KRM7VVUG1T92,E:\DEVL\GitHub\Dell-Drive-Firmware\downloads\SAS\YS0D\payload
Toshiba,,CA0C,KRM7VVUG3T84,E:\DEVL\GitHub\Dell-Drive-Firmware\downloads\SAS\YS0D\payload
Toshiba,,CA0C,KRM7VVUG960G,E:\DEVL\GitHub\Dell-Drive-Firmware\downloads\SAS\YS0D\payload
EC Cooper 1WPD, SSD, 12Gbps vSAS, 2.5, 512e, SED
Model: XS960SE70095
Regulatory Model: STA031
Vendor PN: 3FL277-150,,CPE6,XS960SE70095,E:\DEVL\GitHub\Dell-Drive-Firmware\downloads\SAS\YS0D\payload
EC Cooper 1WPD, SSD, 12Gbps vSAS, 2.5, 512e, SED
Model: XS960SE70095
Regulatory Model: STA031
Vendor PN: 3FL277-150,,CPE6,XS1920SE70095,E:\DEVL\GitHub\Dell-Drive-Firmware\downloads\SAS\YS0D\payload
EC Cooper 1WPD, SSD, 12Gbps vSAS, 2.5, 512e, SED
Model: XS960SE70095
Regulatory Model: STA031
Vendor PN: 3FL277-150,,CPE6,XS3840SE70095,E:\DEVL\GitHub\Dell-Drive-Firmware\downloads\SAS\YS0D\payload
EC Cooper 1WPD, SSD, 12Gbps vSAS, 2.5, 512e, SED
Model: XS960SE70095
Regulatory Model: STA031
Vendor PN: 3FL277-150,,CPE6,XS7680SE70095,E:\DEVL\GitHub\Dell-Drive-Firmware\downloads\SAS\YS0D\payload
EC Cooper 1WPD, SSD, 12Gbps vSAS, 2.5, 512e, SED
Model: XS960SE70095
Regulatory Model: STA031
Vendor PN: 3FL277-150,,CPE6,XS1920LE70095,E:\DEVL\GitHub\Dell-Drive-Firmware\downloads\SAS\YS0D\payload
EC Cooper 1WPD, SSD, 12Gbps vSAS, 2.5, 512e, SED
Model: XS960SE70095
Regulatory Model: STA031
Vendor PN: 3FL277-150,,CPE6,XS960LE70095,E:\DEVL\GitHub\Dell-Drive-Firmware\downloads\SAS\YS0D\payload
EC Cooper 1WPD, SSD, 12Gbps vSAS, 2.5, 512e, SED
Model: XS960SE70095
Regulatory Model: STA031
Vendor PN: 3FL277-150,,CPE6,XS3840LE70095,E:\DEVL\GitHub\Dell-Drive-Firmware\downloads\SAS\YS0D\payload
EC Cooper 1WPD, SSD, 12Gbps vSAS, 2.5, 512e, SED
Model: XS960SE70095
Regulatory Model: STA031
Vendor PN: 3FL277-150,,CPE9,XS960SE70095,E:\DEVL\GitHub\Dell-Drive-Firmware\downloads\SAS\YS0D\payload
EC Cooper 1WPD, SSD, 12Gbps vSAS, 2.5, 512e, SED
Model: XS960SE70095
Regulatory Model: STA031
Vendor PN: 3FL277-150,,CPE9,XS1920SE70095,E:\DEVL\GitHub\Dell-Drive-Firmware\downloads\SAS\YS0D\payload
EC Cooper 1WPD, SSD, 12Gbps vSAS, 2.5, 512e, SED
Model: XS960SE70095
Regulatory Model: STA031
Vendor PN: 3FL277-150,,CPE9,XS3840SE70095,E:\DEVL\GitHub\Dell-Drive-Firmware\downloads\SAS\YS0D\payload
EC Cooper 1WPD, SSD, 12Gbps vSAS, 2.5, 512e, SED
Model: XS960SE70095
Regulatory Model: STA031
Vendor PN: 3FL277-150,,CPE9,XS1920LE70095,E:\DEVL\GitHub\Dell-Drive-Firmware\downloads\SAS\YS0D\payload
EC Cooper 1WPD, SSD, 12Gbps vSAS, 2.5, 512e, SED
Model: XS960SE70095
Regulatory Model: STA031
Vendor PN: 3FL277-150,,CPE9,XS960LE70095,E:\DEVL\GitHub\Dell-Drive-Firmware\downloads\SAS\YS0D\payload
EC Cooper 1WPD, SSD, 12Gbps vSAS, 2.5, 512e, SED
Model: XS960SE70095
Regulatory Model: STA031
Vendor PN: 3FL277-150,,CPE9,XS3840LE70095,E:\DEVL\GitHub\Dell-Drive-Firmware\downloads\SAS\YS0D\payload
EC Cooper 1WPD, SSD, 12Gbps vSAS, 2.5, 512e, SED
Model: XS960SE70095
Regulatory Model: STA031
Vendor PN: 3FL277-150,,CPE9,XS7680SE70145,E:\DEVL\GitHub\Dell-Drive-Firmware\downloads\SAS\YS0D\payload
HD,4TB,722N,FS12,3.5,S,CM
Model Number: ST4000NM015A
Regulatory Model Number: STL011
Vendor PN: 2HZ220-250,,CSDA,ST4000NM015A,E:\DEVL\GitHub\Dell-Drive-Firmware\downloads\SAS\YS0D\payload
HD,8TB,722E,FS12,3.5,S,CM
Model Number: ST8000NM010A
Regulatory Model Number: STL011
Vendor PN: 2MR221-251,,CSFC,ST8000NM010A,E:\DEVL\GitHub\Dell-Drive-Firmware\downloads\SAS\YS0D\payload
STX Cimarron SED FIPS 8TB HDD 12Gbps SAS 3.5 7.2K 512e
Model Number: ST8000NM010A
Regulatory Model Number: STL011
Vendor PN: 2MR221-251,,CSFD,ST8000NM010A,E:\DEVL\GitHub\Dell-Drive-Firmware\downloads\SAS\YS0D\payload
HD,1TB,722N,S12,3.5,S,CM
Model Number: ST1000NM005A
Regulatory Model Number: STL011
Vendor PN: 2MN230-150,,CSJA,ST1000NM005A,E:\DEVL\GitHub\Dell-Drive-Firmware\downloads\SAS\YS0D\payload
HD,1TB,722N,S12,3.5,S,CM
Model Number: ST1000NM005A
Regulatory Model Number: STL011
Vendor PN: 2MN230-150,,CSJA,ST2000NM013A,E:\DEVL\GitHub\Dell-Drive-Firmware\downloads\SAS\YS0D\payload
HD,1TB,722N,S12,3.5,S,CM
Model Number: ST1000NM005A
Regulatory Model Number: STL011
Vendor PN: 2MN230-150,,CSJA,ST4000NM017A,E:\DEVL\GitHub\Dell-Drive-Firmware\downloads\SAS\YS0D\payload
HD,1TB,722N,S12,3.5,S,CM
Model Number: ST1000NM005A
Regulatory Model Number: STL011
Vendor PN: 2MN230-150,,CSJA,ST1000NM005A,E:\DEVL\GitHub\Dell-Drive-Firmware\downloads\SAS\YS0D\payload
HD,1TB,722N,S12,3.5,S,CM
Model Number: ST1000NM005A
Regulatory Model Number: STL011
Vendor PN: 2MN230-150,,CSJA,ST2000NM013A,E:\DEVL\GitHub\Dell-Drive-Firmware\downloads\SAS\YS0D\payload
HD,1TB,722N,S12,3.5,S,CM
Model Number: ST1000NM005A
Regulatory Model Number: STL011
Vendor PN: 2MN230-150,,CSJA,ST4000NM017A,E:\DEVL\GitHub\Dell-Drive-Firmware\downloads\SAS\YS0D\payload
HD,6TB,722E,S12,3.5,S,CM
Model Number: ST6000NM035A
Regulatory Model Number: STL011
Vendor PN: 2R7231-150,,CSLB,ST6000NM035A,E:\DEVL\GitHub\Dell-Drive-Firmware\downloads\SAS\YS0D\payload
HD,6TB,722E,S12,3.5,S,CM
Model Number: ST6000NM035A
Regulatory Model Number: STL011
Vendor PN: 2R7231-150,,CSLB,ST8000NM014A,E:\DEVL\GitHub\Dell-Drive-Firmware\downloads\SAS\YS0D\payload
HD,6TB,722E,S12,3.5,S,CM
Model Number: ST6000NM035A
Regulatory Model Number: STL011
Vendor PN: 2R7231-150,,CSLD,ST6000NM035A,E:\DEVL\GitHub\Dell-Drive-Firmware\downloads\SAS\YS0D\payload
HD,6TB,722E,S12,3.5,S,CM
Model Number: ST6000NM035A
Regulatory Model Number: STL011
Vendor PN: 2R7231-150,,CSLD,ST8000NM014A,E:\DEVL\GitHub\Dell-Drive-Firmware\downloads\SAS\YS0D\payload
HD,6TB,722E,S12,3.5,S,CM
Model Number: ST6000NM035A
Regulatory Model Number: STL011
Vendor PN: 2R7231-150,,CSLE,ST6000NM035A,E:\DEVL\GitHub\Dell-Drive-Firmware\downloads\SAS\YS0D\payload
HD,6TB,722E,S12,3.5,S,CM
Model Number: ST6000NM035A
Regulatory Model Number: STL011
Vendor PN: 2R7231-150,,CSLE,ST8000NM014A,E:\DEVL\GitHub\Dell-Drive-Firmware\downloads\SAS\YS0D\payload
HD,8TB,72KN,S12,3.5,S,CM
Model Number: ST8000NM015A
Regulatory Model Number: STL011
Vendor PN: 2KE232-150,,CSNE,ST8000NM015A,E:\DEVL\GitHub\Dell-Drive-Firmware\downloads\SAS\YS0D\payload
Western Digital (SL305M) SAS 900GB 10K RPM,,D1P2,Western Digital (SL305M) SAS 900GB 10K RPM,E:\DEVL\GitHub\Dell-Drive-Firmware\downloads\SAS\YS0D\payload
Western Digital (SL305M) SAS 900GB 10K RPM,,D1P2,Western Digital (SL305M) SAS 300GB 10K RPM,E:\DEVL\GitHub\Dell-Drive-Firmware\downloads\SAS\YS0D\payload
Western Digital (SL305M) SAS 900GB 10K RPM,,D1P2,Western Digital (SL305M) SAS 600GB 10K RPM,E:\DEVL\GitHub\Dell-Drive-Firmware\downloads\SAS\YS0D\payload
Western Digital (SX800M) SAS 1TB 7.2K RPM,,D1R7,Western Digital (SX800M) SAS 1TB 7.2K RPM,E:\DEVL\GitHub\Dell-Drive-Firmware\downloads\SAS\YS0D\payload
Western Digital (SX800M) SAS 1TB 7.2K RPM,,D1R7,Western Digital (SX800M) SAS 2TB 7.2K RPM,E:\DEVL\GitHub\Dell-Drive-Firmware\downloads\SAS\YS0D\payload
Western Digital (SX800M) SAS 1TB 7.2K RPM,,D1R7,Western Digital (SX800M) SAS 3TB 7.2K RPM,E:\DEVL\GitHub\Dell-Drive-Firmware\downloads\SAS\YS0D\payload
Western Digital (SX800M) SAS 1TB 7.2K RPM,,D1R7,Western Digital (SX800M) SAS 4TB 7.2K RPM,E:\DEVL\GitHub\Dell-Drive-Firmware\downloads\SAS\YS0D\payload
Sandisk,,D339,SANDISK Lightning SSD 200GB,E:\DEVL\GitHub\Dell-Drive-Firmware\downloads\SAS\YS0D\payload
Sandisk,,D339,SANDISK Lightning SSD 400GB,E:\DEVL\GitHub\Dell-Drive-Firmware\downloads\SAS\YS0D\payload
Sandisk,,D339,SANDISK Lightning SSD 800GB,E:\DEVL\GitHub\Dell-Drive-Firmware\downloads\SAS\YS0D\payload
Sandisk,,D339,SanDisk SAS SSD LB406R/LB806R/LB1606R,E:\DEVL\GitHub\Dell-Drive-Firmware\downloads\SAS\YS0D\payload
Sandisk,,D339,SanDisk SAS SSD LB406R/LB806R/LB1606R,E:\DEVL\GitHub\Dell-Drive-Firmware\downloads\SAS\YS0D\payload
Sandisk,,D339,SanDisk SAS SSD LB406R/LB806R/LB1606R,E:\DEVL\GitHub\Dell-Drive-Firmware\downloads\SAS\YS0D\payload
Sandisk,,D339,SanDisk Everest Write Intensive 200GB SLC SAS SSD,E:\DEVL\GitHub\Dell-Drive-Firmware\downloads\SAS\YS0D\payload
Sandisk,,D339,SanDisk Everest Write Intensive 400GB SLC SAS SSD,E:\DEVL\GitHub\Dell-Drive-Firmware\downloads\SAS\YS0D\payload
Sandisk,kilimanjaro,D417,SanDisk Kilimanjaro 12Gb 2.5IN SAS MU SSD 1.6TB,E:\DEVL\GitHub\Dell-Drive-Firmware\downloads\SAS\YS0D\payload
Sandisk,kilimanjaro,D417,SanDisk Kilimanjaro 12Gb 2.5IN SAS MU SSD 200GB,E:\DEVL\GitHub\Dell-Drive-Firmware\downloads\SAS\YS0D\payload
Sandisk,kilimanjaro,D417,SanDisk Kilimanjaro 12Gb 2.5IN SAS MU SSD 400GB,E:\DEVL\GitHub\Dell-Drive-Firmware\downloads\SAS\YS0D\payload
Sandisk,kilimanjaro,D417,SanDisk Kilimanjaro 12Gb 2.5IN SAS MU SSD 800GB,E:\DEVL\GitHub\Dell-Drive-Firmware\downloads\SAS\YS0D\payload
Sandisk,kilimanjaro,D417,SanDisk Kilimanjaro 12Gb 2.5IN SAS WI SSD 200GB,E:\DEVL\GitHub\Dell-Drive-Firmware\downloads\SAS\YS0D\payload
Sandisk,kilimanjaro,D417,SanDisk Kilimanjaro 12Gb 2.5IN SAS WI SSD 400GB,E:\DEVL\GitHub\Dell-Drive-Firmware\downloads\SAS\YS0D\payload
Sandisk,kilimanjaro,D417,SanDisk Kilimanjaro 12Gb 2.5IN SAS WI SSD 800GB,E:\DEVL\GitHub\Dell-Drive-Firmware\downloads\SAS\YS0D\payload
Sandisk,kilimanjaro,D417,SanDisk Kilimanjaro 12Gb 2.5IN SAS RI SSD 800GB,E:\DEVL\GitHub\Dell-Drive-Firmware\downloads\SAS\YS0D\payload
Sandisk,kilimanjaro,D417,SanDisk Kilimanjaro 12Gb 2.5IN SAS RI SSD 1.6TB,E:\DEVL\GitHub\Dell-Drive-Firmware\downloads\SAS\YS0D\payload
Toshiba,,DE11,TOSHIBA AL13SEB300 Series 2.5 10K SAS HDD Drive,E:\DEVL\GitHub\Dell-Drive-Firmware\downloads\SAS\YS0D\payload
Toshiba,,DE11,TOSHIBA AL13SEB600 Series 2.5 10K SAS HDD Drive,E:\DEVL\GitHub\Dell-Drive-Firmware\downloads\SAS\YS0D\payload
Toshiba,,DE11,TOSHIBA AL13SEB900 Series 2.5 10K SAS HDD Drive,E:\DEVL\GitHub\Dell-Drive-Firmware\downloads\SAS\YS0D\payload
Toshiba,,DF0B,TOSHIBA AL13SX Series SAS 15K RPM 2.5 300GB,E:\DEVL\GitHub\Dell-Drive-Firmware\downloads\SAS\YS0D\payload
Toshiba,,DF0B,TOSHIBA AL13SX Series SAS 15K RPM 2.5 600GB,E:\DEVL\GitHub\Dell-Drive-Firmware\downloads\SAS\YS0D\payload
Toshiba,,DG09,TOSHIBA MG03SCA100 Series SAS 7.2K 3.5 1TB,E:\DEVL\GitHub\Dell-Drive-Firmware\downloads\SAS\YS0D\payload
Toshiba,,DG09,TOSHIBA MG03SCA200 Series SAS 7.2K 3.5 2TB,E:\DEVL\GitHub\Dell-Drive-Firmware\downloads\SAS\YS0D\payload
Toshiba,,DG09,TOSHIBA MG03SCA300 Series SAS 7.2K 3.5 3TB,E:\DEVL\GitHub\Dell-Drive-Firmware\downloads\SAS\YS0D\payload
Toshiba,,DG09,TOSHIBA MG03SCA400 Series SAS 7.2K 3.5 4TB,E:\DEVL\GitHub\Dell-Drive-Firmware\downloads\SAS\YS0D\payload
Toshiba,,DH02,AL14SEB030N,E:\DEVL\GitHub\Dell-Drive-Firmware\downloads\SAS\YS0D\payload
Toshiba,,DH02,AL14SEB060N,E:\DEVL\GitHub\Dell-Drive-Firmware\downloads\SAS\YS0D\payload
Toshiba,,DH02,AL14SEB120N,E:\DEVL\GitHub\Dell-Drive-Firmware\downloads\SAS\YS0D\payload
Toshiba,,DK05,TOSHIBA AL13SX Series SAS 15K RPM 2.5 600GB,E:\DEVL\GitHub\Dell-Drive-Firmware\downloads\SAS\YS0D\payload
Toshiba,,DK05,TOSHIBA AL13SX Series SAS 15K RPM 2.5 300GB,E:\DEVL\GitHub\Dell-Drive-Firmware\downloads\SAS\YS0D\payload
Toshiba,,DL02,TOSHIBA AL13SX MLK Series SAS 15K RPM 2.5 600GB,E:\DEVL\GitHub\Dell-Drive-Firmware\downloads\SAS\YS0D\payload
Toshiba,,DM06,TOSHIBA AL14SE Lite 2.5 12Gb 10K 512n SAS HDD Drive,E:\DEVL\GitHub\Dell-Drive-Firmware\downloads\SAS\YS0D\payload
Toshiba,,DM06,TOSHIBA AL13SE Lite 2.5 12Gb 10K 512n SAS HDD Drive,E:\DEVL\GitHub\Dell-Drive-Firmware\downloads\SAS\YS0D\payload
Toshiba,,DM06,TOSHIBA AL13SE Lite 1.2 TB 2.5 12Gb 10K 512n SAS HDD Drive,E:\DEVL\GitHub\Dell-Drive-Firmware\downloads\SAS\YS0D\payload
Toshiba,,DM06,TOSHIBA AL13SE Lite 2.5 12Gb 10K 512n SAS HDD Drive,E:\DEVL\GitHub\Dell-Drive-Firmware\downloads\SAS\YS0D\payload
Toshiba,,DM07,TOSHIBA AL14SE Lite 2.5 12Gb 10K 512n SAS HDD Drive,E:\DEVL\GitHub\Dell-Drive-Firmware\downloads\SAS\YS0D\payload
Toshiba,,DM07,TOSHIBA AL13SE Lite 2.5 12Gb 10K 512n SAS HDD Drive,E:\DEVL\GitHub\Dell-Drive-Firmware\downloads\SAS\YS0D\payload
Toshiba,,DM07,TOSHIBA AL13SE Lite 1.2 TB 2.5 12Gb 10K 512n SAS HDD Drive,E:\DEVL\GitHub\Dell-Drive-Firmware\downloads\SAS\YS0D\payload
Toshiba,,DM07,TOSHIBA AL13SE Lite 2.5 12Gb 10K 512n SAS HDD Drive,E:\DEVL\GitHub\Dell-Drive-Firmware\downloads\SAS\YS0D\payload
Toshiba,,DN03,TOSHIBA AL14SE 1.8 TB 2.5 12Gb 10K 4096n SAS HDD Drive,E:\DEVL\GitHub\Dell-Drive-Firmware\downloads\SAS\YS0D\payload
Toshiba,,DN03,TOSHIBA AL14SE 1.8 TB 2.5 12Gb 10K 512n SAS HDD Drive,E:\DEVL\GitHub\Dell-Drive-Firmware\downloads\SAS\YS0D\payload
Toshiba,,DN04,TOSHIBA AL14SE 1.8 TB 2.5 12Gb 10K 4096n SAS HDD Drive,E:\DEVL\GitHub\Dell-Drive-Firmware\downloads\SAS\YS0D\payload
Toshiba,,DN04,TOSHIBA AL14SE 1.8 TB 2.5 12Gb 10K 512n SAS HDD Drive,E:\DEVL\GitHub\Dell-Drive-Firmware\downloads\SAS\YS0D\payload
Toshiba,,DQ06,TOSHIBA Tomcat R 3.5 4kn SAS12 7.2K 6TB,E:\DEVL\GitHub\Dell-Drive-Firmware\downloads\SAS\YS0D\payload
Toshiba,,DQ07,TOSHIBA Tomcat R 3.5 4kn SAS12 7.2K 6TB,E:\DEVL\GitHub\Dell-Drive-Firmware\downloads\SAS\YS0D\payload
Toshiba,,DR07,TOSHIBA Tomcat 3.5 512e SAS12 7.2K 6TB,E:\DEVL\GitHub\Dell-Drive-Firmware\downloads\SAS\YS0D\payload
Seagate,,DS04,Seagate Makara BP HDD 1TB SAS 12Gbps 3.5" 7.2K 512n,E:\DEVL\GitHub\Dell-Drive-Firmware\downloads\SAS\YS0D\payload
Seagate,,DS04,Seagate Makara BP HDD 2TB SAS 12Gbps 3.5" 7.2K 512n,E:\DEVL\GitHub\Dell-Drive-Firmware\downloads\SAS\YS0D\payload
Seagate,,DS04,Seagate Makara BP HDD 4TB SAS 12Gbps 3.5" 7.2K 512n,E:\DEVL\GitHub\Dell-Drive-Firmware\downloads\SAS\YS0D\payload
Toshiba,,DS07,TOSHIBA Tomcat 3.5 512n SAS12 7.2K 2TB,E:\DEVL\GitHub\Dell-Drive-Firmware\downloads\SAS\YS0D\payload
Toshiba,,DS07,TOSHIBA Tomcat 3.5 512n SAS12 7.2K 4TB,E:\DEVL\GitHub\Dell-Drive-Firmware\downloads\SAS\YS0D\payload
Seagate,,DS23,Seagate Makara BP HDD 6TB SAS 12Gbps 3.5" 7.2K 512e,E:\DEVL\GitHub\Dell-Drive-Firmware\downloads\SAS\YS0D\payload
Seagate,,DS43,Seagate Makara BP HDD 6TB SAS 12Gbps 3.5" 7.2K 4096n,E:\DEVL\GitHub\Dell-Drive-Firmware\downloads\SAS\YS0D\payload
Samsung,PM1643a,DSA4,MZILT960HBHQ0D3,E:\DEVL\GitHub\Dell-Drive-Firmware\downloads\SAS\YS0D\payload
Samsung,PM1643a,DSA4,MZILT1T9HBJR0D3,E:\DEVL\GitHub\Dell-Drive-Firmware\downloads\SAS\YS0D\payload
Samsung,PM1643a,DSA4,MZILT3T8HBLS0D3,E:\DEVL\GitHub\Dell-Drive-Firmware\downloads\SAS\YS0D\payload
Samsung,PM1643a,DSA4,MZILT7T6HALA0D3,E:\DEVL\GitHub\Dell-Drive-Firmware\downloads\SAS\YS0D\payload
Samsung,PM1643a,DSA4,MZILT15THALA0D3,E:\DEVL\GitHub\Dell-Drive-Firmware\downloads\SAS\YS0D\payload
Samsung,PM1643a,DSA4,MZILT30THALA0D3,E:\DEVL\GitHub\Dell-Drive-Firmware\downloads\SAS\YS0D\payload
Seagate,,DSF3,SEAGATE MAKARA BP HDD 4TB SAS12 3.5 7.2K 512N FIPS-140,E:\DEVL\GitHub\Dell-Drive-Firmware\downloads\SAS\YS0D\payload
Samsung,PM1643,DSF8,MZILT960HAHQ0D3,E:\DEVL\GitHub\Dell-Drive-Firmware\downloads\SAS\YS0D\payload
Samsung,PM1643,DSF8,MZILT3T8HALS0D3,E:\DEVL\GitHub\Dell-Drive-Firmware\downloads\SAS\YS0D\payload
Samsung,PM1643,DSF8,MZILT1T9HAJQ0D3,E:\DEVL\GitHub\Dell-Drive-Firmware\downloads\SAS\YS0D\payload
Samsung,PM1643,DSF8,MZILT7T6HMLA0D3,E:\DEVL\GitHub\Dell-Drive-Firmware\downloads\SAS\YS0D\payload
Samsung,PM1643,DSF8,MZILT15THMLA0D3,E:\DEVL\GitHub\Dell-Drive-Firmware\downloads\SAS\YS0D\payload
Samsung,PM1643,DSF8,MZILT960HAHQ0D3,E:\DEVL\GitHub\Dell-Drive-Firmware\downloads\SAS\YS0D\payload
Samsung,PM1643,DSF8,MZILT3T8HALS0D3,E:\DEVL\GitHub\Dell-Drive-Firmware\downloads\SAS\YS0D\payload
Samsung,PM1643,DSF8,MZILT1T9HAJQ0D3,E:\DEVL\GitHub\Dell-Drive-Firmware\downloads\SAS\YS0D\payload
Samsung,PM1643,DSF8,MZILTZ7T6HMLA0D3,E:\DEVL\GitHub\Dell-Drive-Firmware\downloads\SAS\YS0D\payload
Samsung,PM1643,DSF8,MZILT15HMLA0D3,E:\DEVL\GitHub\Dell-Drive-Firmware\downloads\SAS\YS0D\payload
Samsung,PM1643,DSF8,MZILT960HAHQ0D3,E:\DEVL\GitHub\Dell-Drive-Firmware\downloads\SAS\YS0D\payload
Samsung,PM1643,DSF8,MZILT3T8HALS0D3,E:\DEVL\GitHub\Dell-Drive-Firmware\downloads\SAS\YS0D\payload
Samsung,PM1643,DSF8,MZILT1T9HAJQ0D3,E:\DEVL\GitHub\Dell-Drive-Firmware\downloads\SAS\YS0D\payload
Samsung,PM1643,DSF8,MZILTZ7T6HMLA0D3,E:\DEVL\GitHub\Dell-Drive-Firmware\downloads\SAS\YS0D\payload
Samsung,PM1643,DSF8,MZILT15HMLA0D3,E:\DEVL\GitHub\Dell-Drive-Firmware\downloads\SAS\YS0D\payload
Samsung,,DSG8,MZILG960HCHQAD3,E:\DEVL\GitHub\Dell-Drive-Firmware\downloads\SAS\YS0D\payload
Samsung,,DSG8,MZILG1T9HCJRAD3,E:\DEVL\GitHub\Dell-Drive-Firmware\downloads\SAS\YS0D\payload
Samsung,,DSG8,MZILG3T8HCLSAD3,E:\DEVL\GitHub\Dell-Drive-Firmware\downloads\SAS\YS0D\payload
Samsung,,DSG8,MZILG7T6HBLAAD3,E:\DEVL\GitHub\Dell-Drive-Firmware\downloads\SAS\YS0D\payload
Samsung,,DSG8,MZILG15THBLAAD3,E:\DEVL\GitHub\Dell-Drive-Firmware\downloads\SAS\YS0D\payload
Samsung,,DSG9,MZILG960HCHQAD3,E:\DEVL\GitHub\Dell-Drive-Firmware\downloads\SAS\YS0D\payload
Samsung,,DSG9,MZILG1T9HCJRAD3,E:\DEVL\GitHub\Dell-Drive-Firmware\downloads\SAS\YS0D\payload
Samsung,,DSG9,MZILG3T8HCLSAD3,E:\DEVL\GitHub\Dell-Drive-Firmware\downloads\SAS\YS0D\payload
Samsung,,DSG9,MZILG7T6HBLAAD3,E:\DEVL\GitHub\Dell-Drive-Firmware\downloads\SAS\YS0D\payload
Samsung,,DSG9,MZILG15THBLAAD3,E:\DEVL\GitHub\Dell-Drive-Firmware\downloads\SAS\YS0D\payload
Samsung,PM1633a,DSL8,MZILS480HEGR0D3,E:\DEVL\GitHub\Dell-Drive-Firmware\downloads\SAS\YS0D\payload
Samsung,PM1633a,DSL8,MZILS960HEHP0D3,E:\DEVL\GitHub\Dell-Drive-Firmware\downloads\SAS\YS0D\payload
Samsung,PM1633a,DSL8,MZILS1T9HEJH0D3,E:\DEVL\GitHub\Dell-Drive-Firmware\downloads\SAS\YS0D\payload
Samsung,PM1633a,DSL8,MZILS3T8HMLH0D3,E:\DEVL\GitHub\Dell-Drive-Firmware\downloads\SAS\YS0D\payload
Samsung,PM1633a,DSL8,MZILS480HEGR0D3,E:\DEVL\GitHub\Dell-Drive-Firmware\downloads\SAS\YS0D\payload
Samsung,PM1633a,DSL8,MZILS960HEHP0D3,E:\DEVL\GitHub\Dell-Drive-Firmware\downloads\SAS\YS0D\payload
Samsung,PM1633a,DSL8,MZILS1T9HEJH0D3,E:\DEVL\GitHub\Dell-Drive-Firmware\downloads\SAS\YS0D\payload
Samsung,PM1633a,DSL8,MZILS3T8HMLH0D3,E:\DEVL\GitHub\Dell-Drive-Firmware\downloads\SAS\YS0D\payload
Samsung,PM1633a,DSLA,MZILS480HEGR0D3,E:\DEVL\GitHub\Dell-Drive-Firmware\downloads\SAS\YS0D\payload
Samsung,PM1633a,DSLA,MZILS960HEHP0D3,E:\DEVL\GitHub\Dell-Drive-Firmware\downloads\SAS\YS0D\payload
Samsung,PM1633a,DSLA,MZILS1T9HEJH0D3,E:\DEVL\GitHub\Dell-Drive-Firmware\downloads\SAS\YS0D\payload
Samsung,PM1633a,DSLA,MZILS3T8HMLH0D3,E:\DEVL\GitHub\Dell-Drive-Firmware\downloads\SAS\YS0D\payload
Seagate,,DT32,ST1000NM0085,E:\DEVL\GitHub\Dell-Drive-Firmware\downloads\SAS\YS0D\payload
Seagate,,DT32,ST2000NM0155,E:\DEVL\GitHub\Dell-Drive-Firmware\downloads\SAS\YS0D\payload
Seagate,,DT32,ST4000NM0295,E:\DEVL\GitHub\Dell-Drive-Firmware\downloads\SAS\YS0D\payload
Service,,DU04,Service,E:\DEVL\GitHub\Dell-Drive-Firmware\downloads\SAS\YS0D\payload
Service,,DU04,Service,E:\DEVL\GitHub\Dell-Drive-Firmware\downloads\SAS\YS0D\payload
Samsung,PM1645a,DWA4,MZILT800HBHQ0D3,E:\DEVL\GitHub\Dell-Drive-Firmware\downloads\SAS\YS0D\payload
Samsung,PM1645a,DWA4,MZILT1T6HBJR0D3,E:\DEVL\GitHub\Dell-Drive-Firmware\downloads\SAS\YS0D\payload
Samsung,PM1645a,DWA4,MZILT3T2HBLS0D3,E:\DEVL\GitHub\Dell-Drive-Firmware\downloads\SAS\YS0D\payload
Samsung,PM1645,DWF8,MZILT800HAHQ0D3,E:\DEVL\GitHub\Dell-Drive-Firmware\downloads\SAS\YS0D\payload
Samsung,PM1645,DWF8,MZILT1T6HAJQ0D3,E:\DEVL\GitHub\Dell-Drive-Firmware\downloads\SAS\YS0D\payload
Samsung,PM1645,DWF8,MZILT3T2HALS0D3,E:\DEVL\GitHub\Dell-Drive-Firmware\downloads\SAS\YS0D\payload
Samsung,PM1645,DWF8,MZILT800HAHQ0D3,E:\DEVL\GitHub\Dell-Drive-Firmware\downloads\SAS\YS0D\payload
Samsung,PM1645,DWF8,MZILT1T6HAJQ0D3,E:\DEVL\GitHub\Dell-Drive-Firmware\downloads\SAS\YS0D\payload
Samsung,PM1645,DWF8,MZILT3T2HALS0D3,E:\DEVL\GitHub\Dell-Drive-Firmware\downloads\SAS\YS0D\payload
Samsung,PM1645,DWF8,MZILT800HAHQ0D3,E:\DEVL\GitHub\Dell-Drive-Firmware\downloads\SAS\YS0D\payload
Samsung,PM1645,DWF8,MZILT1T6HAJQ0D3,E:\DEVL\GitHub\Dell-Drive-Firmware\downloads\SAS\YS0D\payload
Samsung,PM1645,DWF8,MZILT3T2HALS0D3,E:\DEVL\GitHub\Dell-Drive-Firmware\downloads\SAS\YS0D\payload
Samsung,,DWG5,MZILG800HCHQAD3,E:\DEVL\GitHub\Dell-Drive-Firmware\downloads\SAS\YS0D\payload
Samsung,,DWG5,MZILG1T6HCJRAD3,E:\DEVL\GitHub\Dell-Drive-Firmware\downloads\SAS\YS0D\payload
Samsung,,DWG5,MZILG3T2HCLSAD3,E:\DEVL\GitHub\Dell-Drive-Firmware\downloads\SAS\YS0D\payload
Samsung,,DWG8,MZILG800HCHQAD3,E:\DEVL\GitHub\Dell-Drive-Firmware\downloads\SAS\YS0D\payload
Samsung,,DWG8,MZILG1T6HCJRAD3,E:\DEVL\GitHub\Dell-Drive-Firmware\downloads\SAS\YS0D\payload
Samsung,,DWG8,MZILG3T2HCLSAD3,E:\DEVL\GitHub\Dell-Drive-Firmware\downloads\SAS\YS0D\payload
Samsung,,DWG9,MZILG800HCHQAD3,E:\DEVL\GitHub\Dell-Drive-Firmware\downloads\SAS\YS0D\payload
Samsung,,DWG9,MZILG1T6HCJRAD3,E:\DEVL\GitHub\Dell-Drive-Firmware\downloads\SAS\YS0D\payload
Samsung,,DWG9,MZILG3T2HCLSAD3,E:\DEVL\GitHub\Dell-Drive-Firmware\downloads\SAS\YS0D\payload
Samsung,PM1635a,DWLA,MZILS400HEGR0D3,E:\DEVL\GitHub\Dell-Drive-Firmware\downloads\SAS\YS0D\payload
Samsung,PM1635a,DWLA,MZILS800HEHP0D3,E:\DEVL\GitHub\Dell-Drive-Firmware\downloads\SAS\YS0D\payload
Samsung,PM1635a,DWLA,MZILS1T6HEJH0D3,E:\DEVL\GitHub\Dell-Drive-Firmware\downloads\SAS\YS0D\payload
Samsung,PM1635a,DWLA,MZILS3T2HMLH0D3,E:\DEVL\GitHub\Dell-Drive-Firmware\downloads\SAS\YS0D\payload
Hitachi SAS 450GB 15K RPM,,E774,Hitachi SAS 450GB 15K RPM,E:\DEVL\GitHub\Dell-Drive-Firmware\downloads\SAS\YS0D\payload
Hitachi SAS 450GB 15K RPM,,E774,Hitachi SAS 600GB 15K RPM,E:\DEVL\GitHub\Dell-Drive-Firmware\downloads\SAS\YS0D\payload
Hitachi SAS 450GB 15K RPM,,E774,Hitachi SAS 300GB 15K RPM,E:\DEVL\GitHub\Dell-Drive-Firmware\downloads\SAS\YS0D\payload
Hitachi SAS 300GB 15K RPM,,E820,Hitachi SAS 300GB 15K RPM,E:\DEVL\GitHub\Dell-Drive-Firmware\downloads\SAS\YS0D\payload
Hitachi SAS 300GB 15K RPM,,E820,Hitachi SAS 450GB 15K RPM,E:\DEVL\GitHub\Dell-Drive-Firmware\downloads\SAS\YS0D\payload
Hitachi SAS 300GB 15K RPM,,E820,Hitachi SAS 600GB 15K RPM,E:\DEVL\GitHub\Dell-Drive-Firmware\downloads\SAS\YS0D\payload
King Cobra F,,EA01,King Cobra F,E:\DEVL\GitHub\Dell-Drive-Firmware\downloads\SAS\YS0D\payload
King Cobra F,,EA01,King Cobra F,E:\DEVL\GitHub\Dell-Drive-Firmware\downloads\SAS\YS0D\payload
Toshiba,,EA04,AL14SEB030NY,E:\DEVL\GitHub\Dell-Drive-Firmware\downloads\SAS\YS0D\payload
Toshiba,,EA04,AL14SEB060NY,E:\DEVL\GitHub\Dell-Drive-Firmware\downloads\SAS\YS0D\payload
Toshiba,,EA04,AL14SEB120NY,E:\DEVL\GitHub\Dell-Drive-Firmware\downloads\SAS\YS0D\payload
Toshiba,,EA05,AL14SEB030NY,E:\DEVL\GitHub\Dell-Drive-Firmware\downloads\SAS\YS0D\payload
Toshiba,,EA05,AL14SEB060NY,E:\DEVL\GitHub\Dell-Drive-Firmware\downloads\SAS\YS0D\payload
Toshiba,,EA05,AL14SEB120NY,E:\DEVL\GitHub\Dell-Drive-Firmware\downloads\SAS\YS0D\payload
Toshiba,,EB02,AL14SEB18EQY,E:\DEVL\GitHub\Dell-Drive-Firmware\downloads\SAS\YS0D\payload
Toshiba,,EB04,AL14SEB18EQY,E:\DEVL\GitHub\Dell-Drive-Firmware\downloads\SAS\YS0D\payload
Toshiba,,EC02,AL13SXB30ENY,E:\DEVL\GitHub\Dell-Drive-Firmware\downloads\SAS\YS0D\payload
Toshiba,,EC02,AL13SXB60ENY,E:\DEVL\GitHub\Dell-Drive-Firmware\downloads\SAS\YS0D\payload
SSDR,960G,2E,IS12,2.5,S,LG,EC
Model Number: XS960SE70074
Regulatory Model Number: STT004
Vendor PN: 2LZ260-150,,EC16,XS960SE70074,E:\DEVL\GitHub\Dell-Drive-Firmware\downloads\SAS\YS0D\payload
SSDR,960G,2E,IS12,2.5,S,LG,EC
Model Number: XS960SE70074
Regulatory Model Number: STT004
Vendor PN: 2LZ260-150,,EC16,XS1920SE70074,E:\DEVL\GitHub\Dell-Drive-Firmware\downloads\SAS\YS0D\payload
SSDR,960G,2E,IS12,2.5,S,LG,EC
Model Number: XS960SE70074
Regulatory Model Number: STT004
Vendor PN: 2LZ260-150,,EC16,XS3840SE70074,E:\DEVL\GitHub\Dell-Drive-Firmware\downloads\SAS\YS0D\payload
SSDR,960G,2E,IS12,2.5,S,LG,EC
Model Number: XS960SE70074
Regulatory Model Number: STT004
Vendor PN: 2LZ260-150,,EC16,XS7680SE70074,E:\DEVL\GitHub\Dell-Drive-Firmware\downloads\SAS\YS0D\payload
Toshiba,,EE07,AL14SXB30ENY,E:\DEVL\GitHub\Dell-Drive-Firmware\downloads\SAS\YS0D\payload
Toshiba,,EE07,AL14SXB60ENY,E:\DEVL\GitHub\Dell-Drive-Firmware\downloads\SAS\YS0D\payload
Toshiba,,EE07,AL14SXB90ENY,E:\DEVL\GitHub\Dell-Drive-Firmware\downloads\SAS\YS0D\payload
Toshiba,,EE07,AL14SXB60EAY,E:\DEVL\GitHub\Dell-Drive-Firmware\downloads\SAS\YS0D\payload
Toshiba,,EE07,AL14SXB90EAY,E:\DEVL\GitHub\Dell-Drive-Firmware\downloads\SAS\YS0D\payload
Toshiba,,EE0A,AL14SXB30ENY,E:\DEVL\GitHub\Dell-Drive-Firmware\downloads\SAS\YS0D\payload
Toshiba,,EE0A,AL14SXB60ENY,E:\DEVL\GitHub\Dell-Drive-Firmware\downloads\SAS\YS0D\payload
Toshiba,,EE0A,AL14SXB90ENY,E:\DEVL\GitHub\Dell-Drive-Firmware\downloads\SAS\YS0D\payload
Toshiba,,EE0A,AL14SXB30EAY,E:\DEVL\GitHub\Dell-Drive-Firmware\downloads\SAS\YS0D\payload
Toshiba,,EE0A,AL14SXB60EAY,E:\DEVL\GitHub\Dell-Drive-Firmware\downloads\SAS\YS0D\payload
Toshiba,,EE0A,AL14SXB90EAY,E:\DEVL\GitHub\Dell-Drive-Firmware\downloads\SAS\YS0D\payload
Toshiba,,EF06,AL15SEB18EPY,E:\DEVL\GitHub\Dell-Drive-Firmware\downloads\SAS\YS0D\payload
Toshiba,,EF06,AL15SEB24EPY,E:\DEVL\GitHub\Dell-Drive-Firmware\downloads\SAS\YS0D\payload
Toshiba,,EF06,AL15SEB060NY,E:\DEVL\GitHub\Dell-Drive-Firmware\downloads\SAS\YS0D\payload
Toshiba,,EF06,AL15SEB120NY,E:\DEVL\GitHub\Dell-Drive-Firmware\downloads\SAS\YS0D\payload
Toshiba,,EF06,AL15SEB18EQY,E:\DEVL\GitHub\Dell-Drive-Firmware\downloads\SAS\YS0D\payload
Toshiba,,EF06,AL15SEB24EQY,E:\DEVL\GitHub\Dell-Drive-Firmware\downloads\SAS\YS0D\payload
Toshiba,,EF06,AL15SEB030NY,E:\DEVL\GitHub\Dell-Drive-Firmware\downloads\SAS\YS0D\payload
Toshiba,,EF08,AL15SEB18EPY,E:\DEVL\GitHub\Dell-Drive-Firmware\downloads\SAS\YS0D\payload
Toshiba,,EF08,AL15SEB24EPY,E:\DEVL\GitHub\Dell-Drive-Firmware\downloads\SAS\YS0D\payload
Toshiba,,EF08,AL15SEB060NY,E:\DEVL\GitHub\Dell-Drive-Firmware\downloads\SAS\YS0D\payload
Toshiba,,EF08,AL15SEB120NY,E:\DEVL\GitHub\Dell-Drive-Firmware\downloads\SAS\YS0D\payload
Toshiba,,EF08,AL15SEB18EQY,E:\DEVL\GitHub\Dell-Drive-Firmware\downloads\SAS\YS0D\payload
Toshiba,,EF08,AL15SEB24EQY,E:\DEVL\GitHub\Dell-Drive-Firmware\downloads\SAS\YS0D\payload
Toshiba,,EF08,AL15SEB030NY,E:\DEVL\GitHub\Dell-Drive-Firmware\downloads\SAS\YS0D\payload
Toshiba,,EF09,AL15SEB18EPY,E:\DEVL\GitHub\Dell-Drive-Firmware\downloads\SAS\YS0D\payload
Toshiba,,EF09,AL15SEB24EPY,E:\DEVL\GitHub\Dell-Drive-Firmware\downloads\SAS\YS0D\payload
Toshiba,,EF09,AL15SEB060NY,E:\DEVL\GitHub\Dell-Drive-Firmware\downloads\SAS\YS0D\payload
Toshiba,,EF09,AL15SEB120NY,E:\DEVL\GitHub\Dell-Drive-Firmware\downloads\SAS\YS0D\payload
Toshiba,,EF09,AL15SEB18EQY,E:\DEVL\GitHub\Dell-Drive-Firmware\downloads\SAS\YS0D\payload
Toshiba,,EF09,AL15SEB24EQY,E:\DEVL\GitHub\Dell-Drive-Firmware\downloads\SAS\YS0D\payload
Toshiba,,EF09,AL15SEB030NY,E:\DEVL\GitHub\Dell-Drive-Firmware\downloads\SAS\YS0D\payload
Toshiba,,EF81,AL15SEB09EQY,E:\DEVL\GitHub\Dell-Drive-Firmware\downloads\SAS\YS0D\payload
Toshiba,,EG03,MG04SCA20ENY,E:\DEVL\GitHub\Dell-Drive-Firmware\downloads\SAS\YS0D\payload
Toshiba,,EG03,MG04SCA40ENY,E:\DEVL\GitHub\Dell-Drive-Firmware\downloads\SAS\YS0D\payload
MG06 6TB HDD SAS 12Gbps 3.5 7.2K 512e
Model: MG06SCA600EY
Regulatory Model: MG06SCA600EY
Vendor PN: HDEPK43DAB51, HDEPK43DBB51,,EH0C,MG06SCA600EY,E:\DEVL\GitHub\Dell-Drive-Firmware\downloads\SAS\YS0D\payload
MG06 6TB HDD SAS 12Gbps 3.5 7.2K 512e
Model: MG06SCA600EY
Regulatory Model: MG06SCA600EY
Vendor PN: HDEPK43DAB51, HDEPK43DBB51,,EH0C,MG06SCA800EY,E:\DEVL\GitHub\Dell-Drive-Firmware\downloads\SAS\YS0D\payload
MG06 6TB HDD SAS 12Gbps 3.5 7.2K 512e
Model: MG06SCA600EY
Regulatory Model: MG06SCA600EY
Vendor PN: HDEPK43DAB51, HDEPK43DBB51,,EH0C,MG06SCA600AY,E:\DEVL\GitHub\Dell-Drive-Firmware\downloads\SAS\YS0D\payload
MG06 6TB HDD SAS 12Gbps 3.5 7.2K 512e
Model: MG06SCA600EY
Regulatory Model: MG06SCA600EY
Vendor PN: HDEPK43DAB51, HDEPK43DBB51,,EH0C,MG06SCA800AY,E:\DEVL\GitHub\Dell-Drive-Firmware\downloads\SAS\YS0D\payload
MG06 6TB HDD SAS 12Gbps 3.5 7.2K 512e
Model: MG06SCA600EY
Regulatory Model: MG06SCA600EY
Vendor PN: HDEPK43DAB51, HDEPK43DBB51,,EH0C,MG06SCA10TAY,E:\DEVL\GitHub\Dell-Drive-Firmware\downloads\SAS\YS0D\payload
MG06 6TB HDD SAS 12Gbps 3.5 7.2K 512e
Model: MG06SCA600EY
Regulatory Model: MG06SCA600EY
Vendor PN: HDEPK43DAB51, HDEPK43DBB51,,EH0C,MG06SCA10TEY,E:\DEVL\GitHub\Dell-Drive-Firmware\downloads\SAS\YS0D\payload
MG06 6TB HDD SAS 12Gbps 3.5 7.2K 512e
Model: MG06SCA600EY
Regulatory Model: MG06SCA600EY
Vendor PN: HDEPK43DAB51, HDEPK43DBB51,,EH0D,MG06SCA600EY,E:\DEVL\GitHub\Dell-Drive-Firmware\downloads\SAS\YS0D\payload
MG06 6TB HDD SAS 12Gbps 3.5 7.2K 512e
Model: MG06SCA600EY
Regulatory Model: MG06SCA600EY
Vendor PN: HDEPK43DAB51, HDEPK43DBB51,,EH0D,MG06SCA800EY,E:\DEVL\GitHub\Dell-Drive-Firmware\downloads\SAS\YS0D\payload
MG06 6TB HDD SAS 12Gbps 3.5 7.2K 512e
Model: MG06SCA600EY
Regulatory Model: MG06SCA600EY
Vendor PN: HDEPK43DAB51, HDEPK43DBB51,,EH0D,MG06SCA600AY,E:\DEVL\GitHub\Dell-Drive-Firmware\downloads\SAS\YS0D\payload
MG06 6TB HDD SAS 12Gbps 3.5 7.2K 512e
Model: MG06SCA600EY
Regulatory Model: MG06SCA600EY
Vendor PN: HDEPK43DAB51, HDEPK43DBB51,,EH0D,MG06SCA800AY,E:\DEVL\GitHub\Dell-Drive-Firmware\downloads\SAS\YS0D\payload
MG06 6TB HDD SAS 12Gbps 3.5 7.2K 512e
Model: MG06SCA600EY
Regulatory Model: MG06SCA600EY
Vendor PN: HDEPK43DAB51, HDEPK43DBB51,,EH0D,MG06SCA10TAY,E:\DEVL\GitHub\Dell-Drive-Firmware\downloads\SAS\YS0D\payload
MG06 6TB HDD SAS 12Gbps 3.5 7.2K 512e
Model: MG06SCA600EY
Regulatory Model: MG06SCA600EY
Vendor PN: HDEPK43DAB51, HDEPK43DBB51,,EH0D,MG06SCA10TEY,E:\DEVL\GitHub\Dell-Drive-Firmware\downloads\SAS\YS0D\payload
MG07 12TB SAS 12Gbps 3.5 7.2K 512E 
Model: MG07SCA12TEY
Regulatory: MG07SCA12TEY
Vendor PN: HDEPM41DAB51, HDEPM41DBB51,,EI0D,MG07SCA12TEY,E:\DEVL\GitHub\Dell-Drive-Firmware\downloads\SAS\YS0D\payload
MG07 12TB SAS 12Gbps 3.5 7.2K 512E 
Model: MG07SCA12TEY
Regulatory: MG07SCA12TEY
Vendor PN: HDEPM41DAB51, HDEPM41DBB51,,EI0D,MG07SCA14TEY,E:\DEVL\GitHub\Dell-Drive-Firmware\downloads\SAS\YS0D\payload
MG07 12TB SAS 12Gbps 3.5 7.2K 512E 
Model: MG07SCA12TEY
Regulatory: MG07SCA12TEY
Vendor PN: HDEPM41DAB51, HDEPM41DBB51,,EI0D,MG07SCA12TAY,E:\DEVL\GitHub\Dell-Drive-Firmware\downloads\SAS\YS0D\payload
MG07 12TB SAS 12Gbps 3.5 7.2K 512E 
Model: MG07SCA12TEY
Regulatory: MG07SCA12TEY
Vendor PN: HDEPM41DAB51, HDEPM41DBB51,,EI0D,MG07SCA12TEY,E:\DEVL\GitHub\Dell-Drive-Firmware\downloads\SAS\YS0D\payload
MG07 12TB SAS 12Gbps 3.5 7.2K 512E 
Model: MG07SCA12TEY
Regulatory: MG07SCA12TEY
Vendor PN: HDEPM41DAB51, HDEPM41DBB51,,EI0D,MG07SCA12TEY,E:\DEVL\GitHub\Dell-Drive-Firmware\downloads\SAS\YS0D\payload
MG07 12TB SAS 12Gbps 3.5 7.2K 512E 
Model: MG07SCA12TEY
Regulatory: MG07SCA12TEY
Vendor PN: HDEPM41DAB51, HDEPM41DBB51,,EI0D,MG07SCA14TEY,E:\DEVL\GitHub\Dell-Drive-Firmware\downloads\SAS\YS0D\payload
MG07 12TB SAS 12Gbps 3.5 7.2K 512E 
Model: MG07SCA12TEY
Regulatory: MG07SCA12TEY
Vendor PN: HDEPM41DAB51, HDEPM41DBB51,,EI0D,MG07SCA12TAY,E:\DEVL\GitHub\Dell-Drive-Firmware\downloads\SAS\YS0D\payload
MG07 12TB SAS 12Gbps 3.5 7.2K 512E 
Model: MG07SCA12TEY
Regulatory: MG07SCA12TEY
Vendor PN: HDEPM41DAB51, HDEPM41DBB51,,EI0D,MG07SCA12TEY,E:\DEVL\GitHub\Dell-Drive-Firmware\downloads\SAS\YS0D\payload
King Cobra F,,EJ06,King Cobra F,E:\DEVL\GitHub\Dell-Drive-Firmware\downloads\SAS\YS0D\payload
King Cobra F,,EJ06,King Cobra F,E:\DEVL\GitHub\Dell-Drive-Firmware\downloads\SAS\YS0D\payload
Toshiba,,EJ07,MG08SCA16TEY,E:\DEVL\GitHub\Dell-Drive-Firmware\downloads\SAS\YS0D\payload
Toshiba,,EJ07,MG08SCA16TEY,E:\DEVL\GitHub\Dell-Drive-Firmware\downloads\SAS\YS0D\payload
MG08 16TB HDD 12Gbps SAS 3.5 7.2K 512e
Model: MG08SCA16TEY
Regulatory Model: MG08SCA16TEY
Vendor PN: HDEPN40D6B51,,EJ09,MG08SCA16TEY,E:\DEVL\GitHub\Dell-Drive-Firmware\downloads\SAS\YS0D\payload
MG08 16TB HDD 12Gbps SAS 3.5 7.2K 512e
Model: MG08SCA16TEY
Regulatory Model: MG08SCA16TEY
Vendor PN: HDEPN40D6B51,,EJ09,MG08SCA16TEY,E:\DEVL\GitHub\Dell-Drive-Firmware\downloads\SAS\YS0D\payload
MG08 16TB HDD 12Gbps SAS 3.5 7.2K 512e
Model: MG08SCA16TEY
Regulatory Model: MG08SCA16TEY
Vendor PN: HDEPN40DAB51,,EJ09,MG08SCA16TEY,E:\DEVL\GitHub\Dell-Drive-Firmware\downloads\SAS\YS0D\payload
MG08 16TB HDD 12Gbps SAS 3.5 7.2K 512e
Model: MG08SCA16TEY
Regulatory Model: MG08SCA16TEY
Vendor PN: HDEPN40DAB51,,EJ09,MG08SCA16TAY,E:\DEVL\GitHub\Dell-Drive-Firmware\downloads\SAS\YS0D\payload
MG08 16TB HDD 12Gbps SAS 3.5 7.2K 512e
Model: MG08SCA16TEY
Regulatory Model: MG08SCA16TEY
Vendor PN: HDEPN40DAB51,,EJ09,MG08SCA16TEY,E:\DEVL\GitHub\Dell-Drive-Firmware\downloads\SAS\YS0D\payload
King Cobra F,,EJ39,King Cobra F,E:\DEVL\GitHub\Dell-Drive-Firmware\downloads\SAS\YS0D\payload
King Cobra F,,EJ39,King Cobra F,E:\DEVL\GitHub\Dell-Drive-Firmware\downloads\SAS\YS0D\payload
King Cobra F,,EJ46,King Cobra F,E:\DEVL\GitHub\Dell-Drive-Firmware\downloads\SAS\YS0D\payload
King Cobra F,,EJ46,King Cobra F,E:\DEVL\GitHub\Dell-Drive-Firmware\downloads\SAS\YS0D\payload
HD,4T,722N,IS12,3.5,T-MG08S,EC
Model: MG08SDA400NY
Regulatory Model: MG08SDA400NY
Vendor PN: HDEJN82DAB51,,EK05,MG08SDA400NY,E:\DEVL\GitHub\Dell-Drive-Firmware\downloads\SAS\YS0D\payload
HD,4T,722N,IS12,3.5,T-MG08S,EC
Model: MG08SDA400NY
Regulatory Model: MG08SDA400NY
Vendor PN: HDEJN82DAB51,,EK06,MG08SDA400NY,E:\DEVL\GitHub\Dell-Drive-Firmware\downloads\SAS\YS0D\payload
HITACHI COBRA F 2.5 600GB 15K SAS12 4Kn,,EK38,HITACHI COBRA F 2.5 600GB 15K SAS12 4Kn,E:\DEVL\GitHub\Dell-Drive-Firmware\downloads\SAS\YS0D\payload
HITACHI COBRA F 2.5 600GB 15K SAS12 4Kn,,EK46,HITACHI COBRA F 2.5 600GB 15K SAS12 4Kn,E:\DEVL\GitHub\Dell-Drive-Firmware\downloads\SAS\YS0D\payload
Toshiba,,EL02,MG08SDA800EY,E:\DEVL\GitHub\Dell-Drive-Firmware\downloads\SAS\YS0D\payload
Toshiba,,EM05,MG09SCA18TEY,E:\DEVL\GitHub\Dell-Drive-Firmware\downloads\SAS\YS0D\payload
Toshiba,,EM05,MG09SCA12TEY,E:\DEVL\GitHub\Dell-Drive-Firmware\downloads\SAS\YS0D\payload
Toshiba,,EM05,MG09SCA14TEY,E:\DEVL\GitHub\Dell-Drive-Firmware\downloads\SAS\YS0D\payload
Toshiba,,EM05,MG09SCA16TEY,E:\DEVL\GitHub\Dell-Drive-Firmware\downloads\SAS\YS0D\payload
Toshiba,,EN04,MG10SCA18TEY,E:\DEVL\GitHub\Dell-Drive-Firmware\downloads\SAS\YS0D\payload
Toshiba,,EN04,MG10SCA20TEY,E:\DEVL\GitHub\Dell-Drive-Firmware\downloads\SAS\YS0D\payload
Toshiba,,EN04,MG10SCA20TAY,E:\DEVL\GitHub\Dell-Drive-Firmware\downloads\SAS\YS0D\payload
Toshiba,,EN04,MG10SCA18TAY,E:\DEVL\GitHub\Dell-Drive-Firmware\downloads\SAS\YS0D\payload
Toshiba,,EP02,MG10SDA800EY,E:\DEVL\GitHub\Dell-Drive-Firmware\downloads\SAS\YS0D\payload
Toshiba,,EP02,MG10SDA200NY,E:\DEVL\GitHub\Dell-Drive-Firmware\downloads\SAS\YS0D\payload
Toshiba,,EP02,MG10SDA400NY,E:\DEVL\GitHub\Dell-Drive-Firmware\downloads\SAS\YS0D\payload
Seagate,,ES68,Seagate SAS6 ST3300657SS,E:\DEVL\GitHub\Dell-Drive-Firmware\downloads\SAS\YS0D\payload
Seagate,,ES68,Seagate SAS6 ST3450857SS,E:\DEVL\GitHub\Dell-Drive-Firmware\downloads\SAS\YS0D\payload
Seagate,,ES68,Seagate SAS6 ST3600057SS,E:\DEVL\GitHub\Dell-Drive-Firmware\downloads\SAS\YS0D\payload
Seagate,,ES68,Seagate (Cheetah 15K.7) SAS 600GB 15K RPM,E:\DEVL\GitHub\Dell-Drive-Firmware\downloads\SAS\YS0D\payload
Seagate,,ES68,Seagate Cheetah 15K.7 SAS 450GB 15K RPM,E:\DEVL\GitHub\Dell-Drive-Firmware\downloads\SAS\YS0D\payload
Seagate,,ES68,Seagate Cheetah 15K.7 SAS 300GB 15K RPM,E:\DEVL\GitHub\Dell-Drive-Firmware\downloads\SAS\YS0D\payload
Seagate,,ESL7,ST10000NM011G,E:\DEVL\GitHub\Dell-Drive-Firmware\downloads\SAS\YS0D\payload
Seagate,,ESL7,ST12000NM009G,E:\DEVL\GitHub\Dell-Drive-Firmware\downloads\SAS\YS0D\payload
Seagate,,ESL7,ST14000NM013G,E:\DEVL\GitHub\Dell-Drive-Firmware\downloads\SAS\YS0D\payload
Seagate,,ESL7,ST16000NM010G,E:\DEVL\GitHub\Dell-Drive-Firmware\downloads\SAS\YS0D\payload
Seagate,,ESL8,ST10000NM011G,E:\DEVL\GitHub\Dell-Drive-Firmware\downloads\SAS\YS0D\payload
Seagate,,ESL8,ST12000NM009G,E:\DEVL\GitHub\Dell-Drive-Firmware\downloads\SAS\YS0D\payload
Seagate,,ESL8,ST14000NM013G,E:\DEVL\GitHub\Dell-Drive-Firmware\downloads\SAS\YS0D\payload
Seagate,,ESL8,ST16000NM010G,E:\DEVL\GitHub\Dell-Drive-Firmware\downloads\SAS\YS0D\payload
Seagate,,ESL9,ST10000NM011G,E:\DEVL\GitHub\Dell-Drive-Firmware\downloads\SAS\YS0D\payload
Seagate,,ESL9,ST12000NM009G,E:\DEVL\GitHub\Dell-Drive-Firmware\downloads\SAS\YS0D\payload
Seagate,,ESL9,ST14000NM013G,E:\DEVL\GitHub\Dell-Drive-Firmware\downloads\SAS\YS0D\payload
Seagate,,ESL9,ST16000NM010G,E:\DEVL\GitHub\Dell-Drive-Firmware\downloads\SAS\YS0D\payload
HGST,,EU38,HUC156030CSS200,E:\DEVL\GitHub\Dell-Drive-Firmware\downloads\SAS\YS0D\payload
HGST,,EU38,HUC156060CSS200,E:\DEVL\GitHub\Dell-Drive-Firmware\downloads\SAS\YS0D\payload
HGST,,EU45,HUC156030CSS200,E:\DEVL\GitHub\Dell-Drive-Firmware\downloads\SAS\YS0D\payload
HGST,,EU45,HUC156060CSS200,E:\DEVL\GitHub\Dell-Drive-Firmware\downloads\SAS\YS0D\payload
HGST,,EU46,HUC156030CSS200,E:\DEVL\GitHub\Dell-Drive-Firmware\downloads\SAS\YS0D\payload
HGST,,EU46,HUC156060CSS200,E:\DEVL\GitHub\Dell-Drive-Firmware\downloads\SAS\YS0D\payload
HITACHI COBRA F 2.5 1.2TB 10K SAS12 512n,,FJ40,HITACHI COBRA F 2.5 1.2TB 10K SAS12 512n,E:\DEVL\GitHub\Dell-Drive-Firmware\downloads\SAS\YS0D\payload
HITACHI COBRA F 2.5 1.2TB 10K SAS12 512n,,FJ40,HITACHI COBRA F 2.5 300GB 10K SAS12 512n,E:\DEVL\GitHub\Dell-Drive-Firmware\downloads\SAS\YS0D\payload
HITACHI COBRA F 2.5 1.2TB 10K SAS12 512n,,FJ40,HITACHI COBRA F 2.5 600GB 10K SAS12 512n,E:\DEVL\GitHub\Dell-Drive-Firmware\downloads\SAS\YS0D\payload
HITACHI COBRA F 2.5 1.2TB 10K SAS12 512n,,FJ46,HITACHI COBRA F 2.5 1.2TB 10K SAS12 512n,E:\DEVL\GitHub\Dell-Drive-Firmware\downloads\SAS\YS0D\payload
HITACHI COBRA F 2.5 1.2TB 10K SAS12 512n,,FJ46,HITACHI COBRA F 2.5 300GB 10K SAS12 512n,E:\DEVL\GitHub\Dell-Drive-Firmware\downloads\SAS\YS0D\payload
HITACHI COBRA F 2.5 1.2TB 10K SAS12 512n,,FJ46,HITACHI COBRA F 2.5 600GB 10K SAS12 512N,E:\DEVL\GitHub\Dell-Drive-Firmware\downloads\SAS\YS0D\payload
HITACHI COBRA F 2.5 1.8TB 10K SAS 512e MU,,FK23,HITACHI COBRA F 2.5 1.8TB 10K SAS 512e MU,E:\DEVL\GitHub\Dell-Drive-Firmware\downloads\SAS\YS0D\payload
HITACHI COBRA F 2.5 1.8TB 10K SAS 512e MU,,FK23,HITACHI COBRA F 2.5 1.8TB 10K SAS 4KN,E:\DEVL\GitHub\Dell-Drive-Firmware\downloads\SAS\YS0D\payload
HITACHI COBRA F 2.5 1.8TB 10K SAS 512e MU,,FK23,HITACHI COBRA F 2.5 1.8TB 10K SAS12 512e,E:\DEVL\GitHub\Dell-Drive-Firmware\downloads\SAS\YS0D\payload
HGST,,FK45,HUC101818CS4204,E:\DEVL\GitHub\Dell-Drive-Firmware\downloads\SAS\YS0D\payload
HGST,,FK45,HITACHI COBRA F 2.5 1.8TB 10K SAS12 512e,E:\DEVL\GitHub\Dell-Drive-Firmware\downloads\SAS\YS0D\payload
HGST,,FK46,HUC101818CS4204,E:\DEVL\GitHub\Dell-Drive-Firmware\downloads\SAS\YS0D\payload
HGST,,FK46,HITACHI COBRA F 2.5 1.8TB 10K SAS12 512e,E:\DEVL\GitHub\Dell-Drive-Firmware\downloads\SAS\YS0D\payload
HGST,,FU40,HUC101830CSS200,E:\DEVL\GitHub\Dell-Drive-Firmware\downloads\SAS\YS0D\payload
HGST,,FU40,HUC101860CSS200,E:\DEVL\GitHub\Dell-Drive-Firmware\downloads\SAS\YS0D\payload
HGST,,FU40,HUC101812CSS200,E:\DEVL\GitHub\Dell-Drive-Firmware\downloads\SAS\YS0D\payload
HGST,,FU45,HUC101830CSS200,E:\DEVL\GitHub\Dell-Drive-Firmware\downloads\SAS\YS0D\payload
HGST,,FU45,HUC101860CSS200,E:\DEVL\GitHub\Dell-Drive-Firmware\downloads\SAS\YS0D\payload
HGST,,FU45,HUC101812CSS200,E:\DEVL\GitHub\Dell-Drive-Firmware\downloads\SAS\YS0D\payload
HGST,,FU46,HUC101830CSS200,E:\DEVL\GitHub\Dell-Drive-Firmware\downloads\SAS\YS0D\payload
HGST,,FU46,HUC101860CSS200,E:\DEVL\GitHub\Dell-Drive-Firmware\downloads\SAS\YS0D\payload
HGST,,FU46,HUC101812CSS200,E:\DEVL\GitHub\Dell-Drive-Firmware\downloads\SAS\YS0D\payload
WD,,G10A,WUSTM3240BSS200,E:\DEVL\GitHub\Dell-Drive-Firmware\downloads\SAS\YS0D\payload
WD,,G10A,WUSTM3280BSS200,E:\DEVL\GitHub\Dell-Drive-Firmware\downloads\SAS\YS0D\payload
WD,,G10A,WUSTM3216BSS200,E:\DEVL\GitHub\Dell-Drive-Firmware\downloads\SAS\YS0D\payload
WD,,G10A,WUSTVA196BSS200,E:\DEVL\GitHub\Dell-Drive-Firmware\downloads\SAS\YS0D\payload
WD,,G10A,WUSTVA119BSS200,E:\DEVL\GitHub\Dell-Drive-Firmware\downloads\SAS\YS0D\payload
WD,,G10A,WUSTVA138BSS200,E:\DEVL\GitHub\Dell-Drive-Firmware\downloads\SAS\YS0D\payload
WD,,G10A,WUSTVA176BSS200,E:\DEVL\GitHub\Dell-Drive-Firmware\downloads\SAS\YS0D\payload
WD,,G10A,WUSTVA1A1BSS200,E:\DEVL\GitHub\Dell-Drive-Firmware\downloads\SAS\YS0D\payload
WD,,G10A,WUSTR6480BSS200,E:\DEVL\GitHub\Dell-Drive-Firmware\downloads\SAS\YS0D\payload
WD,,G10A,WUSTR6416BSS200,E:\DEVL\GitHub\Dell-Drive-Firmware\downloads\SAS\YS0D\payload
WD,,G10A,WUSTR6432BSS200,E:\DEVL\GitHub\Dell-Drive-Firmware\downloads\SAS\YS0D\payload
WD,,G10A,WUSTR6464BSS200,E:\DEVL\GitHub\Dell-Drive-Firmware\downloads\SAS\YS0D\payload
WD,,G138,WUSTM3240BSS200,E:\DEVL\GitHub\Dell-Drive-Firmware\downloads\SAS\YS0D\payload
WD,,G138,WUSTM3280BSS200,E:\DEVL\GitHub\Dell-Drive-Firmware\downloads\SAS\YS0D\payload
WD,,G138,WUSTM3216BSS200,E:\DEVL\GitHub\Dell-Drive-Firmware\downloads\SAS\YS0D\payload
WD,,G138,WUSTVA196BSS200,E:\DEVL\GitHub\Dell-Drive-Firmware\downloads\SAS\YS0D\payload
WD,,G138,WUSTVA119BSS200,E:\DEVL\GitHub\Dell-Drive-Firmware\downloads\SAS\YS0D\payload
WD,,G138,WUSTVA138BSS200,E:\DEVL\GitHub\Dell-Drive-Firmware\downloads\SAS\YS0D\payload
WD,,G138,WUSTVA176BSS200,E:\DEVL\GitHub\Dell-Drive-Firmware\downloads\SAS\YS0D\payload
WD,,G138,WUSTVA1A1BSS200,E:\DEVL\GitHub\Dell-Drive-Firmware\downloads\SAS\YS0D\payload
WD,,G138,WUSTR6480BSS200,E:\DEVL\GitHub\Dell-Drive-Firmware\downloads\SAS\YS0D\payload
WD,,G138,WUSTR6416BSS200,E:\DEVL\GitHub\Dell-Drive-Firmware\downloads\SAS\YS0D\payload
WD,,G138,WUSTR6432BSS200,E:\DEVL\GitHub\Dell-Drive-Firmware\downloads\SAS\YS0D\payload
WD,,G138,WUSTR6464BSS200,E:\DEVL\GitHub\Dell-Drive-Firmware\downloads\SAS\YS0D\payload
Seagate,,GA0D,Seagate Constellation ES.3 4TB  SATA 512N EC 7.2K RPM,E:\DEVL\GitHub\Dell-Drive-Firmware\downloads\SAS\YS0D\payload
Seagate,,GA0D,Seagate Constellation ES.3 1TB SATA 512N EC 7.2K RPM,E:\DEVL\GitHub\Dell-Drive-Firmware\downloads\SAS\YS0D\payload
Seagate,,GA0D,Seagate Constellation ES.3 2TB SATA 512N EC 7.2K RPM,E:\DEVL\GitHub\Dell-Drive-Firmware\downloads\SAS\YS0D\payload
Seagate,,GA0D,Seagate Constellation ES.3 3TB SATA 512N EC 7.2K RPM,E:\DEVL\GitHub\Dell-Drive-Firmware\downloads\SAS\YS0D\payload
Seagate,,GA0D,Seagate Megalodon SATA 500GB 7.2K RPM,E:\DEVL\GitHub\Dell-Drive-Firmware\downloads\SAS\YS0D\payload
Aries-HC8 3.5" 8TB 7.2K SAS 512e 12Gbps,,GK45,Aries-HC8 3.5" 8TB 7.2K SAS 512e 12Gbps,E:\DEVL\GitHub\Dell-Drive-Firmware\downloads\SAS\YS0D\payload
Aries-HC8 3.5" 8TB 7.2K SAS 512e 12Gbps,,GK46,Aries-HC8 3.5" 8TB 7.2K SAS 512e 12Gbps,E:\DEVL\GitHub\Dell-Drive-Firmware\downloads\SAS\YS0D\payload
EC STX LongsPeak, HD, 12Gbps SAS, 3.5, 7.2K, 512e, ISE
Model Number: ST18000NM007D
Regulatory Model Number: STL021
Vendor PN: 3DL233-150,,GS07,ST18000NM007D,E:\DEVL\GitHub\Dell-Drive-Firmware\downloads\SAS\YS0D\payload
EC STX LongsPeak, HD, 12Gbps SAS, 3.5, 7.2K, 512e, ISE
Model Number: ST18000NM007D
Regulatory Model Number: STL021
Vendor PN: 3DL233-150,,GS07,ST20000NM004D,E:\DEVL\GitHub\Dell-Drive-Firmware\downloads\SAS\YS0D\payload
EC STX LongsPeak, HD, 12Gbps SAS, 3.5, 7.2K, 512e, ISE
Model Number: ST18000NM007D
Regulatory Model Number: STL021
Vendor PN: 3DL233-150,,GS09,ST18000NM007D,E:\DEVL\GitHub\Dell-Drive-Firmware\downloads\SAS\YS0D\payload
EC STX LongsPeak, HD, 12Gbps SAS, 3.5, 7.2K, 512e, ISE
Model Number: ST18000NM007D
Regulatory Model Number: STL021
Vendor PN: 3DL233-150,,GS09,ST20000NM004D,E:\DEVL\GitHub\Dell-Drive-Firmware\downloads\SAS\YS0D\payload
Seagate,,GS14,SEAGATE Constellation ES.3 4TB NLSAS 512N EC 7.2K RPM,E:\DEVL\GitHub\Dell-Drive-Firmware\downloads\SAS\YS0D\payload
Seagate,,GS14,SEAGATE Constellation ES.3 1TB NLSAS 512N EC 7.2K RPM,E:\DEVL\GitHub\Dell-Drive-Firmware\downloads\SAS\YS0D\payload
Seagate,,GS14,Constellation ES.3 2TB NLSAS 512N EC 7.2K RPM,E:\DEVL\GitHub\Dell-Drive-Firmware\downloads\SAS\YS0D\payload
Seagate,,GS14,SEAGATE Constellation ES.3 3TB NLSAS 512N EC 7.2K RPM,E:\DEVL\GitHub\Dell-Drive-Firmware\downloads\SAS\YS0D\payload
Seagate,,GS15,SEAGATE Constellation ES.3 4TB NLSAS 512N EC 7.2K RPM,E:\DEVL\GitHub\Dell-Drive-Firmware\downloads\SAS\YS0D\payload
Seagate,,GS15,SEAGATE Constellation ES.3 1TB NLSAS 512N EC 7.2K RPM,E:\DEVL\GitHub\Dell-Drive-Firmware\downloads\SAS\YS0D\payload
Seagate,,GS15,Constellation ES.3 2TB NLSAS 512N EC 7.2K RPM,E:\DEVL\GitHub\Dell-Drive-Firmware\downloads\SAS\YS0D\payload
Seagate,,GS15,SEAGATE Constellation ES.3 3TB NLSAS 512N EC 7.2K RPM,E:\DEVL\GitHub\Dell-Drive-Firmware\downloads\SAS\YS0D\payload
HGST,,H1D6,HUSMR1619ASS204,E:\DEVL\GitHub\Dell-Drive-Firmware\downloads\SAS\YS0D\payload
Seagate,,IS05,SEAGATE IRONMAN 2.5 900GB 10K SAS 6Gb,E:\DEVL\GitHub\Dell-Drive-Firmware\downloads\SAS\YS0D\payload
Seagate,,IS05,SEAGATE IRONMAN 2.5 1.2TB 10K SAS 6Gb,E:\DEVL\GitHub\Dell-Drive-Firmware\downloads\SAS\YS0D\payload
Seagate,,IS06,SEAGATE IRONMAN 2.5 1.2TB 10K SAS 6Gb,E:\DEVL\GitHub\Dell-Drive-Firmware\downloads\SAS\YS0D\payload
Seagate,,IS06,SEAGATE IRONMAN 2.5 900GB 10K SAS 6Gb,E:\DEVL\GitHub\Dell-Drive-Firmware\downloads\SAS\YS0D\payload
Seagate,,ISF4,SEAGATE IRONMAN 2.5 10K SAS 6Gb FIPS140-SED 1.2TB,E:\DEVL\GitHub\Dell-Drive-Firmware\downloads\SAS\YS0D\payload
Seagate,,ISF5,SEAGATE IRONMAN 2.5 10K SAS 6Gb FIPS140-SED 1.2TB,E:\DEVL\GitHub\Dell-Drive-Firmware\downloads\SAS\YS0D\payload
Hitachi Bear Cove MLC MU 400GB 12Gbps SAS 2.5 512n ISE
Model Number: HUSMR3240ASS200
Regulatory Model Number: HUSMR3240ASS200
Vendor PN: 0B35351,,J158,HUSMR3240ASS200,E:\DEVL\GitHub\Dell-Drive-Firmware\downloads\SAS\YS0D\payload
Hitachi Bear Cove MLC MU 400GB 12Gbps SAS 2.5 512n ISE
Model Number: HUSMR3240ASS200
Regulatory Model Number: HUSMR3240ASS200
Vendor PN: 0B35351,,J158,HUSMR3280ASS200,E:\DEVL\GitHub\Dell-Drive-Firmware\downloads\SAS\YS0D\payload
Hitachi Bear Cove MLC MU 400GB 12Gbps SAS 2.5 512n ISE
Model Number: HUSMR3240ASS200
Regulatory Model Number: HUSMR3240ASS200
Vendor PN: 0B35351,,J158,HUSMR3216ASS200,E:\DEVL\GitHub\Dell-Drive-Firmware\downloads\SAS\YS0D\payload
Hitachi Bear Cove MLC MU 400GB 12Gbps SAS 2.5 512n ISE
Model Number: HUSMR3240ASS200
Regulatory Model Number: HUSMR3240ASS200
Vendor PN: 0B35351,,J158,HUSMR3232ASS200,E:\DEVL\GitHub\Dell-Drive-Firmware\downloads\SAS\YS0D\payload
Hitachi Bear Cove MLC MU 400GB 12Gbps SAS 2.5 512n ISE
Model Number: HUSMR3240ASS200
Regulatory Model Number: HUSMR3240ASS200
Vendor PN: 0B35351,,J158,HUSMM3240ASS200,E:\DEVL\GitHub\Dell-Drive-Firmware\downloads\SAS\YS0D\payload
Hitachi Bear Cove MLC MU 400GB 12Gbps SAS 2.5 512n ISE
Model Number: HUSMR3240ASS200
Regulatory Model Number: HUSMR3240ASS200
Vendor PN: 0B35351,,J158,HUSMM3280ASS200,E:\DEVL\GitHub\Dell-Drive-Firmware\downloads\SAS\YS0D\payload
Hitachi Bear Cove MLC MU 400GB 12Gbps SAS 2.5 512n ISE
Model Number: HUSMR3240ASS200
Regulatory Model Number: HUSMR3240ASS200
Vendor PN: 0B35351,,J158,HUSMM3216ASS200,E:\DEVL\GitHub\Dell-Drive-Firmware\downloads\SAS\YS0D\payload
Hitachi Bear Cove MLC MU 400GB 12Gbps SAS 2.5 512n ISE
Model Number: HUSMR3240ASS200
Regulatory Model Number: HUSMR3240ASS200
Vendor PN: 0B35351,,J158,TBD,E:\DEVL\GitHub\Dell-Drive-Firmware\downloads\SAS\YS0D\payload
Hitachi Bear Cove MLC MU 400GB 12Gbps SAS 2.5 512n ISE
Model Number: HUSMR3240ASS200
Regulatory Model Number: HUSMR3240ASS200
Vendor PN: 0B35351,,J172,HUSMR3240ASS200,E:\DEVL\GitHub\Dell-Drive-Firmware\downloads\SAS\YS0D\payload
Hitachi Bear Cove MLC MU 400GB 12Gbps SAS 2.5 512n ISE
Model Number: HUSMR3240ASS200
Regulatory Model Number: HUSMR3240ASS200
Vendor PN: 0B35351,,J172,HUSMR3280ASS200,E:\DEVL\GitHub\Dell-Drive-Firmware\downloads\SAS\YS0D\payload
Hitachi Bear Cove MLC MU 400GB 12Gbps SAS 2.5 512n ISE
Model Number: HUSMR3240ASS200
Regulatory Model Number: HUSMR3240ASS200
Vendor PN: 0B35351,,J172,HUSMR3216ASS200,E:\DEVL\GitHub\Dell-Drive-Firmware\downloads\SAS\YS0D\payload
Hitachi Bear Cove MLC MU 400GB 12Gbps SAS 2.5 512n ISE
Model Number: HUSMR3240ASS200
Regulatory Model Number: HUSMR3240ASS200
Vendor PN: 0B35351,,J172,HUSMR3232ASS200,E:\DEVL\GitHub\Dell-Drive-Firmware\downloads\SAS\YS0D\payload
Hitachi Bear Cove MLC MU 400GB 12Gbps SAS 2.5 512n ISE
Model Number: HUSMR3240ASS200
Regulatory Model Number: HUSMR3240ASS200
Vendor PN: 0B35351,,J172,HUSMM3240ASS200,E:\DEVL\GitHub\Dell-Drive-Firmware\downloads\SAS\YS0D\payload
Hitachi Bear Cove MLC MU 400GB 12Gbps SAS 2.5 512n ISE
Model Number: HUSMR3240ASS200
Regulatory Model Number: HUSMR3240ASS200
Vendor PN: 0B35351,,J172,HUSMM3280ASS200,E:\DEVL\GitHub\Dell-Drive-Firmware\downloads\SAS\YS0D\payload
Hitachi Bear Cove MLC MU 400GB 12Gbps SAS 2.5 512n ISE
Model Number: HUSMR3240ASS200
Regulatory Model Number: HUSMR3240ASS200
Vendor PN: 0B35351,,J172,HUSMM3216ASS200,E:\DEVL\GitHub\Dell-Drive-Firmware\downloads\SAS\YS0D\payload
Hitachi Bear Cove MLC MU 400GB 12Gbps SAS 2.5 512n ISE
Model Number: HUSMR3240ASS200
Regulatory Model Number: HUSMR3240ASS200
Vendor PN: 0B35351,,J172,TBD,E:\DEVL\GitHub\Dell-Drive-Firmware\downloads\SAS\YS0D\payload
Hitachi Bear Cove MLC MU 400GB 12Gbps SAS 2.5 512n ISE
Model Number: HUSMR3240ASS200
Regulatory Model Number: HUSMR3240ASS200
Vendor PN: 0B35351,,J17L,HUSMR3240ASS200,E:\DEVL\GitHub\Dell-Drive-Firmware\downloads\SAS\YS0D\payload
Hitachi Bear Cove MLC MU 400GB 12Gbps SAS 2.5 512n ISE
Model Number: HUSMR3240ASS200
Regulatory Model Number: HUSMR3240ASS200
Vendor PN: 0B35351,,J17L,HUSMR3280ASS200,E:\DEVL\GitHub\Dell-Drive-Firmware\downloads\SAS\YS0D\payload
Hitachi Bear Cove MLC MU 400GB 12Gbps SAS 2.5 512n ISE
Model Number: HUSMR3240ASS200
Regulatory Model Number: HUSMR3240ASS200
Vendor PN: 0B35351,,J17L,HUSMR3216ASS200,E:\DEVL\GitHub\Dell-Drive-Firmware\downloads\SAS\YS0D\payload
Hitachi Bear Cove MLC MU 400GB 12Gbps SAS 2.5 512n ISE
Model Number: HUSMR3240ASS200
Regulatory Model Number: HUSMR3240ASS200
Vendor PN: 0B35351,,J17L,HUSMR3232ASS200,E:\DEVL\GitHub\Dell-Drive-Firmware\downloads\SAS\YS0D\payload
Hitachi Bear Cove MLC MU 400GB 12Gbps SAS 2.5 512n ISE
Model Number: HUSMR3240ASS200
Regulatory Model Number: HUSMR3240ASS200
Vendor PN: 0B35351,,J17L,HUSMM3240ASS200,E:\DEVL\GitHub\Dell-Drive-Firmware\downloads\SAS\YS0D\payload
Hitachi Bear Cove MLC MU 400GB 12Gbps SAS 2.5 512n ISE
Model Number: HUSMR3240ASS200
Regulatory Model Number: HUSMR3240ASS200
Vendor PN: 0B35351,,J17L,HUSMM3280ASS200,E:\DEVL\GitHub\Dell-Drive-Firmware\downloads\SAS\YS0D\payload
Hitachi Bear Cove MLC MU 400GB 12Gbps SAS 2.5 512n ISE
Model Number: HUSMR3240ASS200
Regulatory Model Number: HUSMR3240ASS200
Vendor PN: 0B35351,,J17L,HUSMM3216ASS200,E:\DEVL\GitHub\Dell-Drive-Firmware\downloads\SAS\YS0D\payload
Hitachi Bear Cove MLC MU 400GB 12Gbps SAS 2.5 512n ISE
Model Number: HUSMR3240ASS200
Regulatory Model Number: HUSMR3240ASS200
Vendor PN: 0B35351,,J17L,TBD,E:\DEVL\GitHub\Dell-Drive-Firmware\downloads\SAS\YS0D\payload
HGST,,K2CC,HGST SUNSET COVE PLUS 12Gb 2.5IN SAS SSD 800GB 512N FIPs,E:\DEVL\GitHub\Dell-Drive-Firmware\downloads\SAS\YS0D\payload
HGST,,K2CC,HGST SUNSET COVE PLUS 12Gb 2.5IN SAS SSD 1.6TB 512N FIPs,E:\DEVL\GitHub\Dell-Drive-Firmware\downloads\SAS\YS0D\payload
HGST,,K2CC,Hitachi Sunset Cove Plus MU 12Gbps SAS 2.5 FIPS-140,E:\DEVL\GitHub\Dell-Drive-Firmware\downloads\SAS\YS0D\payload
HGST,,K324,HGST SUNSET COVE PLUS 12Gb 2.5IN SAS SSD 800GB 512N FIPs,E:\DEVL\GitHub\Dell-Drive-Firmware\downloads\SAS\YS0D\payload
HGST,,K324,HGST SUNSET COVE PLUS 12Gb 2.5IN SAS SSD 1.6TB 512N FIPs,E:\DEVL\GitHub\Dell-Drive-Firmware\downloads\SAS\YS0D\payload
Hitachi SAS 73GB 15K RPM,,K772,Hitachi SAS 73GB 15K RPM,E:\DEVL\GitHub\Dell-Drive-Firmware\downloads\SAS\YS0D\payload
Hitachi SAS 73GB 15K RPM,,K772,Hitachi SAS 146GB 15K RPM,E:\DEVL\GitHub\Dell-Drive-Firmware\downloads\SAS\YS0D\payload
Hitachi SAS 73GB 15K RPM,,K774,Hitachi SAS 73GB 15K RPM,E:\DEVL\GitHub\Dell-Drive-Firmware\downloads\SAS\YS0D\payload
Hitachi SAS 73GB 15K RPM,,K774,Hitachi SAS 146GB 15K RPM,E:\DEVL\GitHub\Dell-Drive-Firmware\downloads\SAS\YS0D\payload
WD,,K960,WUSTM3240ASS200,E:\DEVL\GitHub\Dell-Drive-Firmware\downloads\SAS\YS0D\payload
WD,,K960,WUSTM3280ASS200,E:\DEVL\GitHub\Dell-Drive-Firmware\downloads\SAS\YS0D\payload
WD,,K960,WUSTM3216ASS200,E:\DEVL\GitHub\Dell-Drive-Firmware\downloads\SAS\YS0D\payload
WD,,K960,WUSTR6440ASS200,E:\DEVL\GitHub\Dell-Drive-Firmware\downloads\SAS\YS0D\payload
WD,,K960,WUSTR6416ASS200,E:\DEVL\GitHub\Dell-Drive-Firmware\downloads\SAS\YS0D\payload
WD,,K960,WUSTR6480ASS200,E:\DEVL\GitHub\Dell-Drive-Firmware\downloads\SAS\YS0D\payload
WD,,K960,WUSTR1596ASS200,E:\DEVL\GitHub\Dell-Drive-Firmware\downloads\SAS\YS0D\payload
WD,,K960,WUSTR1519ASS200,E:\DEVL\GitHub\Dell-Drive-Firmware\downloads\SAS\YS0D\payload
WD,,K960,WUSTR1538ASS200,E:\DEVL\GitHub\Dell-Drive-Firmware\downloads\SAS\YS0D\payload
WD,,K960,WUSTR1576ASS200,E:\DEVL\GitHub\Dell-Drive-Firmware\downloads\SAS\YS0D\payload
WD,,K960,WUSTR1515ASS200,E:\DEVL\GitHub\Dell-Drive-Firmware\downloads\SAS\YS0D\payload
WD,,K968,WUSTM3240ASS200,E:\DEVL\GitHub\Dell-Drive-Firmware\downloads\SAS\YS0D\payload
WD,,K968,WUSTM3280ASS200,E:\DEVL\GitHub\Dell-Drive-Firmware\downloads\SAS\YS0D\payload
WD,,K968,WUSTM3216ASS200,E:\DEVL\GitHub\Dell-Drive-Firmware\downloads\SAS\YS0D\payload
WD,,K968,WUSTR6440ASS200,E:\DEVL\GitHub\Dell-Drive-Firmware\downloads\SAS\YS0D\payload
WD,,K968,WUSTR6416ASS200,E:\DEVL\GitHub\Dell-Drive-Firmware\downloads\SAS\YS0D\payload
WD,,K968,WUSTR6480ASS200,E:\DEVL\GitHub\Dell-Drive-Firmware\downloads\SAS\YS0D\payload
WD,,K968,WUSTR1596ASS200,E:\DEVL\GitHub\Dell-Drive-Firmware\downloads\SAS\YS0D\payload
WD,,K968,WUSTR1519ASS200,E:\DEVL\GitHub\Dell-Drive-Firmware\downloads\SAS\YS0D\payload
WD,,K968,WUSTR1538ASS200,E:\DEVL\GitHub\Dell-Drive-Firmware\downloads\SAS\YS0D\payload
WD,,K968,WUSTR1576ASS200,E:\DEVL\GitHub\Dell-Drive-Firmware\downloads\SAS\YS0D\payload
WD,,K968,WUSTR1515ASS200,E:\DEVL\GitHub\Dell-Drive-Firmware\downloads\SAS\YS0D\payload
Aries-KP 3.5" 2TB 7.2K SAS 512n 12gbps,,KJ45,Aries-KP 3.5" 2TB 7.2K SAS 512n 12gbps,E:\DEVL\GitHub\Dell-Drive-Firmware\downloads\SAS\YS0D\payload
Aries-KP 3.5" 2TB 7.2K SAS 512n 12gbps,,KJ45,Aries-KP 3.5" 4TB 7.2K SAS 512n 12gbps,E:\DEVL\GitHub\Dell-Drive-Firmware\downloads\SAS\YS0D\payload
Aries-KP 3.5" 2TB 7.2K SAS 512n 12gbps,,KJ46,Aries-KP 3.5" 2TB 7.2K SAS 512n 12gbps,E:\DEVL\GitHub\Dell-Drive-Firmware\downloads\SAS\YS0D\payload
Aries-KP 3.5" 2TB 7.2K SAS 512n 12gbps,,KJ46,Aries-KP 3.5" 4TB 7.2K SAS 512n 12gbps,E:\DEVL\GitHub\Dell-Drive-Firmware\downloads\SAS\YS0D\payload
Aries-KPMLK 3.5" 6TB 7.2K SAS12 512e,,KK34,Aries-KPMLK 3.5" 6TB 7.2K SAS12 512e,E:\DEVL\GitHub\Dell-Drive-Firmware\downloads\SAS\YS0D\payload
Aries-KPMLK 3.5" 6TB 7.2K SAS12 512e,,KK34,Aries K Plus MLK 3.5" 6TB 7.2K SAS 4KN 12Gbps,E:\DEVL\GitHub\Dell-Drive-Firmware\downloads\SAS\YS0D\payload
Aries-KPMLK 3.5" 6TB 7.2K SAS12 512e,,KK45,Aries-KPMLK 3.5" 6TB 7.2K SAS12 512e,E:\DEVL\GitHub\Dell-Drive-Firmware\downloads\SAS\YS0D\payload
Aries-KPMLK 3.5" 6TB 7.2K SAS12 512e,,KK45,Aries K Plus MLK 3.5" 6TB 7.2K SAS 4KN 12Gbps,E:\DEVL\GitHub\Dell-Drive-Firmware\downloads\SAS\YS0D\payload
Aries-KPMLK 3.5" 6TB 7.2K SAS12 512e,,KK46,Aries-KPMLK 3.5" 6TB 7.2K SAS12 512e,E:\DEVL\GitHub\Dell-Drive-Firmware\downloads\SAS\YS0D\payload
Aries-KPMLK 3.5" 6TB 7.2K SAS12 512e,,KK46,Aries K Plus MLK 3.5" 6TB 7.2K SAS 4KN 12Gbps,E:\DEVL\GitHub\Dell-Drive-Firmware\downloads\SAS\YS0D\payload
Seagate,,KSC9,ST900MP0126,E:\DEVL\GitHub\Dell-Drive-Firmware\downloads\SAS\YS0D\payload
Seagate,,KSCC,ST900MP0126,E:\DEVL\GitHub\Dell-Drive-Firmware\downloads\SAS\YS0D\payload
Seagate,,KT3A,ST300MP0026,E:\DEVL\GitHub\Dell-Drive-Firmware\downloads\SAS\YS0D\payload
Seagate,,KT3A,ST600MP0036,E:\DEVL\GitHub\Dell-Drive-Firmware\downloads\SAS\YS0D\payload
Seagate,,KT3A,ST900MP0026,E:\DEVL\GitHub\Dell-Drive-Firmware\downloads\SAS\YS0D\payload
Seagate,,KT3C,ST300MP0026,E:\DEVL\GitHub\Dell-Drive-Firmware\downloads\SAS\YS0D\payload
Seagate,,KT3C,ST600MP0036,E:\DEVL\GitHub\Dell-Drive-Firmware\downloads\SAS\YS0D\payload
Seagate,,KT3C,ST900MP0026,E:\DEVL\GitHub\Dell-Drive-Firmware\downloads\SAS\YS0D\payload
Seagate,,KT5A,DL900MP-136,E:\DEVL\GitHub\Dell-Drive-Firmware\downloads\SAS\YS0D\payload
Seagate,,KT5C,DL900MP-136,E:\DEVL\GitHub\Dell-Drive-Firmware\downloads\SAS\YS0D\payload
Seagate,,KT7B,ST900MP0116,E:\DEVL\GitHub\Dell-Drive-Firmware\downloads\SAS\YS0D\payload
HGST,,KU45,HUS726020ALS210,E:\DEVL\GitHub\Dell-Drive-Firmware\downloads\SAS\YS0D\payload
HGST,,KU45,HUS726040ALS210,E:\DEVL\GitHub\Dell-Drive-Firmware\downloads\SAS\YS0D\payload
HGST,,KU46,HUS726020ALS210,E:\DEVL\GitHub\Dell-Drive-Firmware\downloads\SAS\YS0D\payload
HGST,,KU46,HUS726040ALS210,E:\DEVL\GitHub\Dell-Drive-Firmware\downloads\SAS\YS0D\payload
BEAR COVE QUANTUM 1WPD SSDR,960G,2E,FS12,2.5,W,BC1,EC
Model Number: WUSTVA196BSS205
Regulatory Model Number: UCQSSC
Vendor PN: 0B42808,,L138,WUSTVA196BSS205,E:\DEVL\GitHub\Dell-Drive-Firmware\downloads\SAS\YS0D\payload
BEAR COVE QUANTUM 1WPD SSDR,960G,2E,FS12,2.5,W,BC1,EC
Model Number: WUSTVA196BSS205
Regulatory Model Number: UCQSSC
Vendor PN: 0B42808,,L138,,E:\DEVL\GitHub\Dell-Drive-Firmware\downloads\SAS\YS0D\payload
BEAR COVE QUANTUM 1WPD SSDR,960G,2E,FS12,2.5,W,BC1,EC
Model Number: WUSTVA196BSS205
Regulatory Model Number: UCQSSC
Vendor PN: 0B42808,,L138,,E:\DEVL\GitHub\Dell-Drive-Firmware\downloads\SAS\YS0D\payload
BEAR COVE QUANTUM 1WPD SSDR,960G,2E,FS12,2.5,W,BC1,EC
Model Number: WUSTVA196BSS205
Regulatory Model Number: UCQSSC
Vendor PN: 0B42808,,L138,,E:\DEVL\GitHub\Dell-Drive-Firmware\downloads\SAS\YS0D\payload
BEAR COVE QUANTUM 1WPD SSDR,960G,2E,FS12,2.5,W,BC1,EC
Model Number: WUSTVA196BSS205
Regulatory Model Number: UCQSSC
Vendor PN: 0B42808,,L138,,E:\DEVL\GitHub\Dell-Drive-Firmware\downloads\SAS\YS0D\payload
BEAR COVE QUANTUM 1WPD SSDR,960G,2E,FS12,2.5,W,BC1,EC
Model Number: WUSTVA196BSS205
Regulatory Model Number: UCQSSC
Vendor PN: 0B42808,,L138,,E:\DEVL\GitHub\Dell-Drive-Firmware\downloads\SAS\YS0D\payload
BEAR COVE QUANTUM 1WPD SSDR,960G,2E,FS12,2.5,W,BC1,EC
Model Number: WUSTVA196BSS205
Regulatory Model Number: UCQSSC
Vendor PN: 0B42808,,L138,,E:\DEVL\GitHub\Dell-Drive-Firmware\downloads\SAS\YS0D\payload
BEAR COVE QUANTUM 1WPD SSDR,960G,2E,FS12,2.5,W,BC1,EC
Model Number: WUSTVA196BSS205
Regulatory Model Number: UCQSSC
Vendor PN: 0B42808,,L138,,E:\DEVL\GitHub\Dell-Drive-Firmware\downloads\SAS\YS0D\payload
BEAR COVE QUANTUM 1WPD SSDR,960G,2E,FS12,2.5,W,BC1,EC
Model Number: WUSTVA196BSS205
Regulatory Model Number: UCQSSC
Vendor PN: 0B42808,,L138,,E:\DEVL\GitHub\Dell-Drive-Firmware\downloads\SAS\YS0D\payload
HGST,,L384,HUSMR1610ASS204,E:\DEVL\GitHub\Dell-Drive-Firmware\downloads\SAS\YS0D\payload
HGST,,L384,HUSMR1650ASS204,E:\DEVL\GitHub\Dell-Drive-Firmware\downloads\SAS\YS0D\payload
HGST,,L384,HUSMM1640ASS204,E:\DEVL\GitHub\Dell-Drive-Firmware\downloads\SAS\YS0D\payload
HGST,,L384,HUSMM1680ASS204,E:\DEVL\GitHub\Dell-Drive-Firmware\downloads\SAS\YS0D\payload
HGST,,L384,HUSMM1616ASS204,E:\DEVL\GitHub\Dell-Drive-Firmware\downloads\SAS\YS0D\payload
EC STX CimarronBP (FRO), HD, 12Gbps SAS, 3.5, 7.2K, 512n, ISE
Model Number: DL4000NM019B
Regulatory Model Number: STL019
Vendor PN: 2TF230-151,,LBW4,DL4000NM019B,E:\DEVL\GitHub\Dell-Drive-Firmware\downloads\SAS\YS0D\payload
EC STX CimarronBP, HD, 12Gbps SAS, 3.5, 7.2K, 512e, ISE
Model Number: ST8000NM024B
Regulatory Model Number: STL019
Vendor PN: 2TJ233-150,,LS0C,ST8000NM024B,E:\DEVL\GitHub\Dell-Drive-Firmware\downloads\SAS\YS0D\payload
Seagate,,LS0C,SEAGATE Savvio 10K.6 ES 300GB SAS EC,E:\DEVL\GitHub\Dell-Drive-Firmware\downloads\SAS\YS0D\payload
Seagate,,LS0C,SEAGATE Savvio 10K.6 ES 600GB SAS EC,E:\DEVL\GitHub\Dell-Drive-Firmware\downloads\SAS\YS0D\payload
Seagate,,LS0C,SEAGATE Savvio 10K.6 ES 900GB SAS EC,E:\DEVL\GitHub\Dell-Drive-Firmware\downloads\SAS\YS0D\payload
EC STX CimarronBP, HD, 12Gbps SAS, 3.5, 7.2K, 512e, ISE
Model Number: ST8000NM024B
Regulatory Model Number: STL019
Vendor PN: 2TJ233-150,,LS0E,ST8000NM024B,E:\DEVL\GitHub\Dell-Drive-Firmware\downloads\SAS\YS0D\payload
LIBRA 8TB 512e
Model Number HUH721008AL5200
Regulatory Model Number US7SSL080,,LS20,,E:\DEVL\GitHub\Dell-Drive-Firmware\downloads\SAS\YS0D\payload
LIBRA 8TB 512e
Model Number HUH721008AL5200
Regulatory Model Number US7SSL080,,LS20,,E:\DEVL\GitHub\Dell-Drive-Firmware\downloads\SAS\YS0D\payload
LIBRA 8TB 512e
Model Number HUH721008AL5200
Regulatory Model Number US7SSL080,,LS20,HUH721008AL4200,E:\DEVL\GitHub\Dell-Drive-Firmware\downloads\SAS\YS0D\payload
LIBRA 8TB 512e
Model Number HUH721008AL5200
Regulatory Model Number US7SSL080,,LS20,HUH721010AL4200,E:\DEVL\GitHub\Dell-Drive-Firmware\downloads\SAS\YS0D\payload
LIBRA 8TB 512e
Model Number HUH721008AL5200
Regulatory Model Number US7SSL080,,LS21,,E:\DEVL\GitHub\Dell-Drive-Firmware\downloads\SAS\YS0D\payload
LIBRA 8TB 512e
Model Number HUH721008AL5200
Regulatory Model Number US7SSL080,,LS21,,E:\DEVL\GitHub\Dell-Drive-Firmware\downloads\SAS\YS0D\payload
LIBRA 8TB 512e
Model Number HUH721008AL5200
Regulatory Model Number US7SSL080,,LS21,HUH721008AL4200,E:\DEVL\GitHub\Dell-Drive-Firmware\downloads\SAS\YS0D\payload
LIBRA 8TB 512e
Model Number HUH721008AL5200
Regulatory Model Number US7SSL080,,LS21,HUH721010AL4200,E:\DEVL\GitHub\Dell-Drive-Firmware\downloads\SAS\YS0D\payload
Seagate,,LSF7,SEAGATE Savvio 10K.6 ES 900GB EC SAS FIPs,E:\DEVL\GitHub\Dell-Drive-Firmware\downloads\SAS\YS0D\payload
EC STX CimarronBP, HD, 12Gbps SAS, 3.5, 7.2K, 512e, SED FIPS
Model Number: ST8000NM022B
Regulatory Model Number: STL019
Vendor PN: 2TJ223-251,,LT08,ST8000NM022B,E:\DEVL\GitHub\Dell-Drive-Firmware\downloads\SAS\YS0D\payload
EC STX CimarronBP, HD, 12Gbps SAS, 3.5, 7.2K, 512n, ISE
Model Number: ST2000NM013B
Regulatory Model Number: STL019
Vendor PN: 2TD230-150,,LW0A,ST2000NM013B,E:\DEVL\GitHub\Dell-Drive-Firmware\downloads\SAS\YS0D\payload
EC STX CimarronBP, HD, 12Gbps SAS, 3.5, 7.2K, 512n, ISE
Model Number: ST2000NM013B
Regulatory Model Number: STL019
Vendor PN: 2TD230-150,,LW0A,ST4000NM019B,E:\DEVL\GitHub\Dell-Drive-Firmware\downloads\SAS\YS0D\payload
EC STX CimarronBP, HD, 12Gbps SAS, 3.5, 7.2K, 512n, ISE
Model Number: ST2000NM013B
Regulatory Model Number: STL019
Vendor PN: 2TD230-150,,LW0B,ST2000NM013B,E:\DEVL\GitHub\Dell-Drive-Firmware\downloads\SAS\YS0D\payload
EC STX CimarronBP, HD, 12Gbps SAS, 3.5, 7.2K, 512n, ISE
Model Number: ST2000NM013B
Regulatory Model Number: STL019
Vendor PN: 2TD230-150,,LW0B,ST4000NM019B,E:\DEVL\GitHub\Dell-Drive-Firmware\downloads\SAS\YS0D\payload
Makara SAS 512n,,MS06,Makara SAS 512n,E:\DEVL\GitHub\Dell-Drive-Firmware\downloads\SAS\YS0D\payload
Makara SAS 512n,,MS06,Makara SAS 512n,E:\DEVL\GitHub\Dell-Drive-Firmware\downloads\SAS\YS0D\payload
Makara SAS 512n,,MS06,Makara SAS 512n,E:\DEVL\GitHub\Dell-Drive-Firmware\downloads\SAS\YS0D\payload
Makara SAS 512e,,MS2E,Makara SAS 512e,E:\DEVL\GitHub\Dell-Drive-Firmware\downloads\SAS\YS0D\payload
Makara SAS 512e,,MS85,Makara SAS 512e,E:\DEVL\GitHub\Dell-Drive-Firmware\downloads\SAS\YS0D\payload
Makara SAS 4096n,,MSA5,Makara SAS 4096n,E:\DEVL\GitHub\Dell-Drive-Firmware\downloads\SAS\YS0D\payload
Seagate,,NA24,SEAGATE AVENGER 2.5 2TB 7.2K SATA 512E,E:\DEVL\GitHub\Dell-Drive-Firmware\downloads\SAS\YS0D\payload
HGST,,NM10,,E:\DEVL\GitHub\Dell-Drive-Firmware\downloads\SAS\YS0D\payload
HGST,,NM11,,E:\DEVL\GitHub\Dell-Drive-Firmware\downloads\SAS\YS0D\payload
Seagate,,NS01,SEAGATE AVENGER 2.5 1TB 7.2K SAS12 512n,E:\DEVL\GitHub\Dell-Drive-Firmware\downloads\SAS\YS0D\payload
Seagate,,NS01,SEAGATE AVENGER 2.5 2TB 7.2K SAS12 512n,E:\DEVL\GitHub\Dell-Drive-Firmware\downloads\SAS\YS0D\payload
HGST,,NS05,HUH721212AL5200,E:\DEVL\GitHub\Dell-Drive-Firmware\downloads\SAS\YS0D\payload
HGST,,NS05,HUH721212AL4200,E:\DEVL\GitHub\Dell-Drive-Firmware\downloads\SAS\YS0D\payload
HGST,,NS10,HUH721212AL5200,E:\DEVL\GitHub\Dell-Drive-Firmware\downloads\SAS\YS0D\payload
HGST,,NS10,HUH721212AL4200,E:\DEVL\GitHub\Dell-Drive-Firmware\downloads\SAS\YS0D\payload
HGST,,NS10,HUH721212AL5200,E:\DEVL\GitHub\Dell-Drive-Firmware\downloads\SAS\YS0D\payload
HGST,,NS10,HUH721212AL4200,E:\DEVL\GitHub\Dell-Drive-Firmware\downloads\SAS\YS0D\payload
HGST,,NS11,HUH721212AL5200,E:\DEVL\GitHub\Dell-Drive-Firmware\downloads\SAS\YS0D\payload
HGST,,NS11,HUH721212AL4200,E:\DEVL\GitHub\Dell-Drive-Firmware\downloads\SAS\YS0D\payload
Seagate,,NS29,SEAGATE AVENGER 2.5 2TB 7.2K SAS12 512e,E:\DEVL\GitHub\Dell-Drive-Firmware\downloads\SAS\YS0D\payload
Seagate,,NSF2,Seagate Avenger HDD 2TB SAS12 2.5 7.2K 512n,E:\DEVL\GitHub\Dell-Drive-Firmware\downloads\SAS\YS0D\payload
Seagate,,NT32,ST1000NX0473,E:\DEVL\GitHub\Dell-Drive-Firmware\downloads\SAS\YS0D\payload
Seagate,,NT32,ST2000NX0463,E:\DEVL\GitHub\Dell-Drive-Firmware\downloads\SAS\YS0D\payload
Seagate,,NT71,ST2000NX0373,E:\DEVL\GitHub\Dell-Drive-Firmware\downloads\SAS\YS0D\payload
Hitachi Bear Cove MLC WI 800GB 12Gbps SAS 2.5 512n FIPS-140
Model Number: HUSMM3280ASS205
Regulatory Model Number: HUSMM3280ASS205
Vendor PN: TBD,,P12S,HUSMM3280ASS205,E:\DEVL\GitHub\Dell-Drive-Firmware\downloads\SAS\YS0D\payload
Hitachi Bear Cove MLC WI 800GB 12Gbps SAS 2.5 512n FIPS-140
Model Number: HUSMM3280ASS205
Regulatory Model Number: HUSMM3280ASS205
Vendor PN: TBD,,P12S,HUSMM3216ASS205,E:\DEVL\GitHub\Dell-Drive-Firmware\downloads\SAS\YS0D\payload
Hitachi Bear Cove MLC WI 800GB 12Gbps SAS 2.5 512n FIPS-140
Model Number: HUSMM3280ASS205
Regulatory Model Number: HUSMM3280ASS205
Vendor PN: TBD,,P158,HUSMM3280ASS205,E:\DEVL\GitHub\Dell-Drive-Firmware\downloads\SAS\YS0D\payload
Hitachi Bear Cove MLC WI 800GB 12Gbps SAS 2.5 512n FIPS-140
Model Number: HUSMM3280ASS205
Regulatory Model Number: HUSMM3280ASS205
Vendor PN: TBD,,P158,HUSMM3216ASS205,E:\DEVL\GitHub\Dell-Drive-Firmware\downloads\SAS\YS0D\payload
Hitachi Vela A ISE 6TB HDD SAS 12Gbps 3.5" 7.2K 512e
Model Number: HUS726T6TAL5200
Vendor PN: 0B36055,,PS07,HUS726T6TAL5200,E:\DEVL\GitHub\Dell-Drive-Firmware\downloads\SAS\YS0D\payload
Hitachi Vela A ISE 6TB HDD SAS 12Gbps 3.5" 7.2K 512e
Model Number: HUS726T6TAL5200
Vendor PN: 0B36055,,PS07,HUS726T6TAL4200,E:\DEVL\GitHub\Dell-Drive-Firmware\downloads\SAS\YS0D\payload
Hitachi Vela A ISE 6TB HDD SAS 12Gbps 3.5" 7.2K 512e
Model Number: HUS726T6TAL5200
Vendor PN: 0B36055,,PS09,HUS726T6TAL5200,E:\DEVL\GitHub\Dell-Drive-Firmware\downloads\SAS\YS0D\payload
Hitachi Vela A ISE 6TB HDD SAS 12Gbps 3.5" 7.2K 512e
Model Number: HUS726T6TAL5200
Vendor PN: 0B36055,,PS09,HUS726T6TAL4200,E:\DEVL\GitHub\Dell-Drive-Firmware\downloads\SAS\YS0D\payload
Makara Plus, 12Gbps SAS, 3.5, 7.2K, 512e,,PS26,Makara Plus, 12Gbps SAS, 3.5, 7.2K, 512e,E:\DEVL\GitHub\Dell-Drive-Firmware\downloads\SAS\YS0D\payload
Makara FIPs 512e,,PSE7,Makara FIPs 512e,E:\DEVL\GitHub\Dell-Drive-Firmware\downloads\SAS\YS0D\payload
Makara FIPs 512e,,PSE7,ST8000NM0135,E:\DEVL\GitHub\Dell-Drive-Firmware\downloads\SAS\YS0D\payload
EC STX EvansBP, 12Gbps SAS, HDD, 3.5, 7.2K, 512e, ISE
Model Number: ST12000NM006J
Regulatory Model Number: STL015
Vendor PN: 2TY233-150,,PSLB,ST12000NM006J,E:\DEVL\GitHub\Dell-Drive-Firmware\downloads\SAS\YS0D\payload
EC STX EvansBP, 12Gbps SAS, HDD, 3.5, 7.2K, 512e, ISE
Model Number: ST12000NM006J
Regulatory Model Number: STL015
Vendor PN: 2TY233-150,,PSLB,ST14000NM006J,E:\DEVL\GitHub\Dell-Drive-Firmware\downloads\SAS\YS0D\payload
EC STX EvansBP, 12Gbps SAS, HDD, 3.5, 7.2K, 512e, ISE
Model Number: ST12000NM006J
Regulatory Model Number: STL015
Vendor PN: 2TY233-150,,PSLB,ST16000NM006J,E:\DEVL\GitHub\Dell-Drive-Firmware\downloads\SAS\YS0D\payload
EC STX EvansBP, 12Gbps SAS, HDD, 3.5, 7.2K, 512e, ISE
Model Number: ST12000NM006J
Regulatory Model Number: STL015
Vendor PN: 2TY233-150,,PSLB,ST18000NM006J,E:\DEVL\GitHub\Dell-Drive-Firmware\downloads\SAS\YS0D\payload
EC STX EvansBP, 12Gbps SAS, HDD, 3.5, 7.2K, 512e, ISE
Model Number: ST12000NM006J
Regulatory Model Number: STL015
Vendor PN: 2TY233-150,,PSLG,ST12000NM006J,E:\DEVL\GitHub\Dell-Drive-Firmware\downloads\SAS\YS0D\payload
EC STX EvansBP, 12Gbps SAS, HDD, 3.5, 7.2K, 512e, ISE
Model Number: ST12000NM006J
Regulatory Model Number: STL015
Vendor PN: 2TY233-150,,PSLG,ST14000NM006J,E:\DEVL\GitHub\Dell-Drive-Firmware\downloads\SAS\YS0D\payload
EC STX EvansBP, 12Gbps SAS, HDD, 3.5, 7.2K, 512e, ISE
Model Number: ST12000NM006J
Regulatory Model Number: STL015
Vendor PN: 2TY233-150,,PSLG,ST16000NM006J,E:\DEVL\GitHub\Dell-Drive-Firmware\downloads\SAS\YS0D\payload
EC STX EvansBP, 12Gbps SAS, HDD, 3.5, 7.2K, 512e, ISE
Model Number: ST12000NM006J
Regulatory Model Number: STL015
Vendor PN: 2TY233-150,,PSLG,ST18000NM006J,E:\DEVL\GitHub\Dell-Drive-Firmware\downloads\SAS\YS0D\payload
Seagate,,PT54,ST8000NM0185,E:\DEVL\GitHub\Dell-Drive-Firmware\downloads\SAS\YS0D\payload
Seagate,,PT54,ST8000NM0185,E:\DEVL\GitHub\Dell-Drive-Firmware\downloads\SAS\YS0D\payload
Hitachi Vela A ISE 4TB HDD SAS 12Gbps 3.5" 7.2K 512n
Model Number: HUS726T4TALS200
Vendor PN: 0B36053,,PU07,HUS726T4TALS200,E:\DEVL\GitHub\Dell-Drive-Firmware\downloads\SAS\YS0D\payload
Hitachi Vela A ISE 4TB HDD SAS 12Gbps 3.5" 7.2K 512n
Model Number: HUS726T4TALS200
Vendor PN: 0B36053,,PU07,HUS726T4TALS200,E:\DEVL\GitHub\Dell-Drive-Firmware\downloads\SAS\YS0D\payload
Hitachi Vela A ISE 4TB HDD SAS 12Gbps 3.5" 7.2K 512n
Model Number: HUS726T4TALS200
Vendor PN: 0B36053,,PU07,HUS726T4TALS200,E:\DEVL\GitHub\Dell-Drive-Firmware\downloads\SAS\YS0D\payload
Hitachi Vela A ISE 4TB HDD SAS 12Gbps 3.5" 7.2K 512n
Model Number: HUS726T4TALS200
Vendor PN: 0B36053,,PU09,HUS726T4TALS200,E:\DEVL\GitHub\Dell-Drive-Firmware\downloads\SAS\YS0D\payload
HGST,,RS07,HUS728T8TAL5200,E:\DEVL\GitHub\Dell-Drive-Firmware\downloads\SAS\YS0D\payload
HGST,,RS07,HUS728T8TAL4200,E:\DEVL\GitHub\Dell-Drive-Firmware\downloads\SAS\YS0D\payload
HGST,,RS07,HUS728T8TAL5200,E:\DEVL\GitHub\Dell-Drive-Firmware\downloads\SAS\YS0D\payload
HGST,,RS07,HUS728T8TAL4200,E:\DEVL\GitHub\Dell-Drive-Firmware\downloads\SAS\YS0D\payload
HGST,,RS09,HUS728T8TAL5200,E:\DEVL\GitHub\Dell-Drive-Firmware\downloads\SAS\YS0D\payload
HGST,,RS09,HUS728T8TAL4200,E:\DEVL\GitHub\Dell-Drive-Firmware\downloads\SAS\YS0D\payload
Seagate,,RS16,Seagate Constellation ES.2 2TB SAS 7.2K RPM,E:\DEVL\GitHub\Dell-Drive-Firmware\downloads\SAS\YS0D\payload
Seagate,,RS16,Seagate Constellation ES.2 3TB SAS 7.2K RPM,E:\DEVL\GitHub\Dell-Drive-Firmware\downloads\SAS\YS0D\payload
Seagate,,RSL3,ST10000NM0598,E:\DEVL\GitHub\Dell-Drive-Firmware\downloads\SAS\YS0D\payload
Seagate,,RSL3,ST12000NM0158,E:\DEVL\GitHub\Dell-Drive-Firmware\downloads\SAS\YS0D\payload
Seagate,,RSL3,ST14000NM0168,E:\DEVL\GitHub\Dell-Drive-Firmware\downloads\SAS\YS0D\payload
Hitachi Bear Cove TLC RI 480GB 12Gbps SAS 2.5 512n ISE
Model Number: HUSTR7648ASS200
Regulatory Model Number: HUSTR7648ASS200
Vendor PN: 0B35181,,S524,HUSTR7648ASS200,E:\DEVL\GitHub\Dell-Drive-Firmware\downloads\SAS\YS0D\payload
Hitachi Bear Cove TLC RI 480GB 12Gbps SAS 2.5 512n ISE
Model Number: HUSTR7648ASS200
Regulatory Model Number: HUSTR7648ASS200
Vendor PN: 0B35181,,S524,HUSTR7696ASS200,E:\DEVL\GitHub\Dell-Drive-Firmware\downloads\SAS\YS0D\payload
Hitachi Bear Cove TLC RI 480GB 12Gbps SAS 2.5 512n ISE
Model Number: HUSTR7648ASS200
Regulatory Model Number: HUSTR7648ASS200
Vendor PN: 0B35181,,S524,HUSTR7619ASS200,E:\DEVL\GitHub\Dell-Drive-Firmware\downloads\SAS\YS0D\payload
Hitachi Bear Cove TLC RI 480GB 12Gbps SAS 2.5 512n ISE
Model Number: HUSTR7648ASS200
Regulatory Model Number: HUSTR7648ASS200
Vendor PN: 0B35181,,S524,HUSTR7638ASS200,E:\DEVL\GitHub\Dell-Drive-Firmware\downloads\SAS\YS0D\payload
Hitachi Bear Cove TLC RI 480GB 12Gbps SAS 2.5 512n ISE
Model Number: HUSTR7648ASS200
Regulatory Model Number: HUSTR7648ASS200
Vendor PN: 0B35181,,S524,HUSTR7676ASS200,E:\DEVL\GitHub\Dell-Drive-Firmware\downloads\SAS\YS0D\payload
Hitachi Bear Cove TLC RI 480GB 12Gbps SAS 2.5 512n ISE
Model Number: HUSTR7648ASS200
Regulatory Model Number: HUSTR7648ASS200
Vendor PN: 0B35181,,S545,HUSTR7648ASS200,E:\DEVL\GitHub\Dell-Drive-Firmware\downloads\SAS\YS0D\payload
Hitachi Bear Cove TLC RI 480GB 12Gbps SAS 2.5 512n ISE
Model Number: HUSTR7648ASS200
Regulatory Model Number: HUSTR7648ASS200
Vendor PN: 0B35181,,S545,HUSTR7696ASS200,E:\DEVL\GitHub\Dell-Drive-Firmware\downloads\SAS\YS0D\payload
Hitachi Bear Cove TLC RI 480GB 12Gbps SAS 2.5 512n ISE
Model Number: HUSTR7648ASS200
Regulatory Model Number: HUSTR7648ASS200
Vendor PN: 0B35181,,S545,HUSTR7619ASS200,E:\DEVL\GitHub\Dell-Drive-Firmware\downloads\SAS\YS0D\payload
Hitachi Bear Cove TLC RI 480GB 12Gbps SAS 2.5 512n ISE
Model Number: HUSTR7648ASS200
Regulatory Model Number: HUSTR7648ASS200
Vendor PN: 0B35181,,S545,HUSTR7638ASS200,E:\DEVL\GitHub\Dell-Drive-Firmware\downloads\SAS\YS0D\payload
Hitachi Bear Cove TLC RI 480GB 12Gbps SAS 2.5 512n ISE
Model Number: HUSTR7648ASS200
Regulatory Model Number: HUSTR7648ASS200
Vendor PN: 0B35181,,S545,HUSTR7676ASS200,E:\DEVL\GitHub\Dell-Drive-Firmware\downloads\SAS\YS0D\payload
Seagate,,SBS5,BL2400MM0159,E:\DEVL\GitHub\Dell-Drive-Firmware\downloads\SAS\YS0D\payload
Seagate,,SBSA,BL2400MM0159,E:\DEVL\GitHub\Dell-Drive-Firmware\downloads\SAS\YS0D\payload
Seagate,,SBT5,CL2400MM0149,E:\DEVL\GitHub\Dell-Drive-Firmware\downloads\SAS\YS0D\payload
Seagate,,SBTA,CL2400MM0149,E:\DEVL\GitHub\Dell-Drive-Firmware\downloads\SAS\YS0D\payload
Seagate,,SBW5,BL600MM0069,E:\DEVL\GitHub\Dell-Drive-Firmware\downloads\SAS\YS0D\payload
Seagate,,SBW6,BL600MM0069,E:\DEVL\GitHub\Dell-Drive-Firmware\downloads\SAS\YS0D\payload
EC STX Skybolt, HDD, 12Gbps SAS, 2.5, 10K, 512e, ISE
Model Number: ST900MM0199
Regulatory Model Number: STT003
Vendor PN: 3WP233-151,,SHS1,ST900MM0199,E:\DEVL\GitHub\Dell-Drive-Firmware\downloads\SAS\YS0D\payload
HGST,,SS08,HUH721414AL5200,E:\DEVL\GitHub\Dell-Drive-Firmware\downloads\SAS\YS0D\payload
Seagate,,SSC4,ST1200MM0069,E:\DEVL\GitHub\Dell-Drive-Firmware\downloads\SAS\YS0D\payload
Seagate,,SSC6,ST1200MM0069,E:\DEVL\GitHub\Dell-Drive-Firmware\downloads\SAS\YS0D\payload
Seagate,,SSC7,ST1200MM0069,E:\DEVL\GitHub\Dell-Drive-Firmware\downloads\SAS\YS0D\payload
Seagate,,SSC8,ST1200MM0069,E:\DEVL\GitHub\Dell-Drive-Firmware\downloads\SAS\YS0D\payload
Seagate,,SSE8,ST2400MM0149,E:\DEVL\GitHub\Dell-Drive-Firmware\downloads\SAS\YS0D\payload
Seagate,,SSEA,ST2400MM0149,E:\DEVL\GitHub\Dell-Drive-Firmware\downloads\SAS\YS0D\payload
Seagate,,SSEJ,ST2400MM0149,E:\DEVL\GitHub\Dell-Drive-Firmware\downloads\SAS\YS0D\payload
Seagate,,ST33,ST600MM0069,E:\DEVL\GitHub\Dell-Drive-Firmware\downloads\SAS\YS0D\payload
Seagate,,ST33,ST1200MM0099,E:\DEVL\GitHub\Dell-Drive-Firmware\downloads\SAS\YS0D\payload
Seagate,,ST34,ST600MM0069,E:\DEVL\GitHub\Dell-Drive-Firmware\downloads\SAS\YS0D\payload
Seagate,,ST34,ST1200MM0099,E:\DEVL\GitHub\Dell-Drive-Firmware\downloads\SAS\YS0D\payload
Seagate,,ST37,ST600MM0069,E:\DEVL\GitHub\Dell-Drive-Firmware\downloads\SAS\YS0D\payload
Seagate,,ST37,ST1200MM0099,E:\DEVL\GitHub\Dell-Drive-Firmware\downloads\SAS\YS0D\payload
Seagate,,ST38,ST600MM0069,E:\DEVL\GitHub\Dell-Drive-Firmware\downloads\SAS\YS0D\payload
Seagate,,ST38,ST1200MM0099,E:\DEVL\GitHub\Dell-Drive-Firmware\downloads\SAS\YS0D\payload
Seagate,,ST5D,DL2400MM0159,E:\DEVL\GitHub\Dell-Drive-Firmware\downloads\SAS\YS0D\payload
Seagate,,ST5D,DL1800MM0159,E:\DEVL\GitHub\Dell-Drive-Firmware\downloads\SAS\YS0D\payload
Seagate,,ST5J,DL2400MM0159,E:\DEVL\GitHub\Dell-Drive-Firmware\downloads\SAS\YS0D\payload
Seagate,,ST5J,DL1800MM0159,E:\DEVL\GitHub\Dell-Drive-Firmware\downloads\SAS\YS0D\payload
Seagate,,ST72,ST1800MM0159,E:\DEVL\GitHub\Dell-Drive-Firmware\downloads\SAS\YS0D\payload
Seagate,,ST72,,E:\DEVL\GitHub\Dell-Drive-Firmware\downloads\SAS\YS0D\payload
Seagate,,ST7G,ST1800MM0159,E:\DEVL\GitHub\Dell-Drive-Firmware\downloads\SAS\YS0D\payload
Seagate,,ST7G,,E:\DEVL\GitHub\Dell-Drive-Firmware\downloads\SAS\YS0D\payload
EC STX SUMMIT, HDD, 12Gbps SAS, 3.5, 7.2K, 512e, ISE
Model: ST24000NM007H
Regulatory Model: STL028
Vendor PN: 3KS233-151,,SUS9,ST24000NM007H,E:\DEVL\GitHub\Dell-Drive-Firmware\downloads\SAS\YS0D\payload
EC STX SUMMIT, HDD, 12Gbps SAS, 3.5, 7.2K, 512e, ISE
Model: ST12000NM007H
Regulatory Model: STL028
Vendor PN: 3KX233-150,,SWS9,ST12000NM007H,E:\DEVL\GitHub\Dell-Drive-Firmware\downloads\SAS\YS0D\payload
EC STX SUMMIT, HDD, 12Gbps SAS, 3.5, 7.2K, 512e, ISE
Model: ST20000NM007H
Regulatory Model: STL028
Vendor PN: 3KV233-150,,SYS9,ST20000NM007H,E:\DEVL\GitHub\Dell-Drive-Firmware\downloads\SAS\YS0D\payload
EC STX SUMMIT, HDD, 12Gbps SAS, 3.5, 7.2K, 512e, ISE
Model: ST20000NM007H
Regulatory Model: STL028
Vendor PN: 3KV233-150,,SYS9,ST16000NM007H,E:\DEVL\GitHub\Dell-Drive-Firmware\downloads\SAS\YS0D\payload
WD,,TS03,WUS721010AL5200,E:\DEVL\GitHub\Dell-Drive-Firmware\downloads\SAS\YS0D\payload
WD,,TS03,WUS721010AL4200,E:\DEVL\GitHub\Dell-Drive-Firmware\downloads\SAS\YS0D\payload
Seagate,,TS05,SEAGATE THUNDERBOLT 2.5 1.2TB 10K SAS 512N,E:\DEVL\GitHub\Dell-Drive-Firmware\downloads\SAS\YS0D\payload
Seagate,,TS05,SEAGATE THUNDERBOLT 2.5 600GB 10K SAS 512N,E:\DEVL\GitHub\Dell-Drive-Firmware\downloads\SAS\YS0D\payload
Seagate,,TS27,SEAGATE THUNDERBOLT 2.5 1.8TB 10K SAS 512E,E:\DEVL\GitHub\Dell-Drive-Firmware\downloads\SAS\YS0D\payload
Seagate,,TSC6,SEAGATE THUNDERBOLT 2.5 10K SAS12 FIPS140-SED 1.2TB,E:\DEVL\GitHub\Dell-Drive-Firmware\downloads\SAS\YS0D\payload
Seagate,,TSC9,SEAGATE THUNDERBOLT 2.5 10K SAS12 FIPS140-SED 1.2TB,E:\DEVL\GitHub\Dell-Drive-Firmware\downloads\SAS\YS0D\payload
Seagate,,TSE2,SEAGATE THUNDERBOLT 2.5 1.8TB 10K SAS 512E FIPS-140,E:\DEVL\GitHub\Dell-Drive-Firmware\downloads\SAS\YS0D\payload
Seagate,,TT31,SEAGATE THUNDERBOLT 2.5 600GB 10K SAS12 512N,E:\DEVL\GitHub\Dell-Drive-Firmware\downloads\SAS\YS0D\payload
Seagate,,TT31,SEAGATE THUNDERBOLT 2.5 1.2TB 10K SAS12 512N,E:\DEVL\GitHub\Dell-Drive-Firmware\downloads\SAS\YS0D\payload
Seagate,,TT31,SEAGATE THUNDERBOLT 2.5 300GB 10K SAS12 512N,E:\DEVL\GitHub\Dell-Drive-Firmware\downloads\SAS\YS0D\payload
Seagate,,TT56,ST10000NM0256,E:\DEVL\GitHub\Dell-Drive-Firmware\downloads\SAS\YS0D\payload
HITACHI Ultrastar C10K1200 1.2TB SAS 10K RPM,,U5E2,HITACHI Ultrastar C10K1200 1.2TB SAS 10K RPM,E:\DEVL\GitHub\Dell-Drive-Firmware\downloads\SAS\YS0D\payload
HITACHI Ultrastar C10K1200 1.2TB SAS 10K RPM,,U850,HITACHI Ultrastar C10K1200 1.2TB SAS 10K RPM,E:\DEVL\GitHub\Dell-Drive-Firmware\downloads\SAS\YS0D\payload
HD,16.T,722E,FS12,3.5,W,PC,EC
Model Number: WUH721816AL5205
Regulatory Model Number: US7SSR160
Vendor PN: 0F38376,,UM06,WUH721816AL5205,E:\DEVL\GitHub\Dell-Drive-Firmware\downloads\SAS\YS0D\payload
WD,,UM08,WUH721816AL5205,E:\DEVL\GitHub\Dell-Drive-Firmware\downloads\SAS\YS0D\payload
WD,,UM08,WUH721818AL5205,E:\DEVL\GitHub\Dell-Drive-Firmware\downloads\SAS\YS0D\payload
HD,16.T,722E,IS12,3.5,W,PC,EC
Model Number: WUH721816AL5200
Regulatory Model Number: US7SSR160
Vendor PN: 0F38375,,US06,WUH721816AL5200,E:\DEVL\GitHub\Dell-Drive-Firmware\downloads\SAS\YS0D\payload
HD,16.T,722E,IS12,3.5,W,PC,EC
Model Number: WUH721816AL5200
Regulatory Model Number: US7SSR160
Vendor PN: 0F38375,,US06,WUH721818AL5200,E:\DEVL\GitHub\Dell-Drive-Firmware\downloads\SAS\YS0D\payload
WD,,US07,WUH721816AL5200,E:\DEVL\GitHub\Dell-Drive-Firmware\downloads\SAS\YS0D\payload
WD,,US07,WUH721818AL5200,E:\DEVL\GitHub\Dell-Drive-Firmware\downloads\SAS\YS0D\payload
WD,,US09,WUH721816AL5200,E:\DEVL\GitHub\Dell-Drive-Firmware\downloads\SAS\YS0D\payload
WD,,US09,WUH721818AL5200,E:\DEVL\GitHub\Dell-Drive-Firmware\downloads\SAS\YS0D\payload
Valkyrie BP,,VS0B,Valkyrie BP,E:\DEVL\GitHub\Dell-Drive-Firmware\downloads\SAS\YS0D\payload
Valkyrie BP,,VS0B,Valkyrie BP,E:\DEVL\GitHub\Dell-Drive-Firmware\downloads\SAS\YS0D\payload
WD,,VS18,WUH722020BL5200,E:\DEVL\GitHub\Dell-Drive-Firmware\downloads\SAS\YS0D\payload
WD,,VS19,WUH722020BL5200,E:\DEVL\GitHub\Dell-Drive-Firmware\downloads\SAS\YS0D\payload
Valkyrie BP TC 4KN,,VS44,Valkyrie BP TC 4KN,E:\DEVL\GitHub\Dell-Drive-Firmware\downloads\SAS\YS0D\payload
Valkyrie BP SED FIPs 512n SAS12,,VSC5,Valkyrie BP SED FIPs 512n SAS12,E:\DEVL\GitHub\Dell-Drive-Firmware\downloads\SAS\YS0D\payload
Valkyrie BP SED FIPs 512n SAS12,,VSC6,Valkyrie BP SED FIPs 512n SAS12,E:\DEVL\GitHub\Dell-Drive-Firmware\downloads\SAS\YS0D\payload
Valkyrie BP,,VT32,Valkyrie BP,E:\DEVL\GitHub\Dell-Drive-Firmware\downloads\SAS\YS0D\payload
Valkyrie BP,,VT32,Valkyrie BP,E:\DEVL\GitHub\Dell-Drive-Firmware\downloads\SAS\YS0D\payload
Valkyrie BP,,VT33,Valkyrie BP,E:\DEVL\GitHub\Dell-Drive-Firmware\downloads\SAS\YS0D\payload
Valkyrie BP,,VT33,Valkyrie BP,E:\DEVL\GitHub\Dell-Drive-Firmware\downloads\SAS\YS0D\payload
HITACHI Ultrastar 7K4000 SAS 4TB 7.2K,,W2F0,HITACHI Ultrastar 7K4000 SAS 4TB 7.2K,E:\DEVL\GitHub\Dell-Drive-Firmware\downloads\SAS\YS0D\payload
HITACHI Ultrastar 7K4000 SAS 4TB 7.2K,,W2F0,HITACHI Ultrastar 7K4000 SAS 3TB 7.2K,E:\DEVL\GitHub\Dell-Drive-Firmware\downloads\SAS\YS0D\payload
HITACHI Ultrastar 7K4000 SAS 4TB 7.2K,,W2F0,HITACHI Ultrastar 7K4000 SAS 2TB 7.2K,E:\DEVL\GitHub\Dell-Drive-Firmware\downloads\SAS\YS0D\payload
HITACHI Ultrastar 7K4000 SAS 2TB 7.2K,,W350,HITACHI Ultrastar 7K4000 SAS 2TB 7.2K,E:\DEVL\GitHub\Dell-Drive-Firmware\downloads\SAS\YS0D\payload
HITACHI Ultrastar 7K4000 SAS 2TB 7.2K,,W350,HITACHI Ultrastar 7K4000 SAS 3TB 7.2K,E:\DEVL\GitHub\Dell-Drive-Firmware\downloads\SAS\YS0D\payload
HITACHI Ultrastar 7K4000 SAS 2TB 7.2K,,W350,HITACHI Ultrastar 7K4000 SAS 4TB 7.2K,E:\DEVL\GitHub\Dell-Drive-Firmware\downloads\SAS\YS0D\payload
WD,,WS03,WUH722222AL5200,E:\DEVL\GitHub\Dell-Drive-Firmware\downloads\SAS\YS0D\payload
WD,,YS04,WUH722424AL5200,E:\DEVL\GitHub\Dell-Drive-Firmware\downloads\SAS\YS0D\payload
WD,,YS04,WUH722420AL5200,E:\DEVL\GitHub\Dell-Drive-Firmware\downloads\SAS\YS0D\payload
Seagate,,YS0C,Seagate Savvio 15K.3 146GB SAS 15K RPM,E:\DEVL\GitHub\Dell-Drive-Firmware\downloads\SAS\YS0D\payload
Seagate,,YS0C,Seagate Savvio 15K.3 300GB SAS 15K RPM,E:\DEVL\GitHub\Dell-Drive-Firmware\downloads\SAS\YS0D\payload
Seagate,,YS0D,Seagate Savvio 15K.3 146GB SAS 15K RPM,E:\DEVL\GitHub\Dell-Drive-Firmware\downloads\SAS\YS0D\payload
Seagate,,YS0D,Seagate Savvio 15K.3 300GB SAS 15K RPM,E:\DEVL\GitHub\Dell-Drive-Firmware\downloads\SAS\YS0D\payload
